0	0.2570423624462374
1	0.2519213055900171
2	0.20397710388158707
3	0.20066447973971197
4	0.21807938663571919
5	0.21420893185242232
6	0.1991742216369616
7	0.19585952987083335
8	0.19169357282228622
9	0.1885432152265085
10	0.17603480044055225
11	0.17330628870114498
12	0.1876501572218352
13	0.18447030213982094
14	0.1722961293179104
15	0.16953607818361952
16	0.18102524169805237
17	0.17789351356500185
18	0.1441571682680741
19	0.14210777473471461
20	1.0361826339544313
21	1.0319291018412593
22	0.1446030442075069
23	0.1424560634042013
24	0.14514315481202056
25	0.14292211545944375
26	2.3588566542458635
27	2.34380905479844
28	0.1357148470722032
29	0.13370031248989986
30	0.12493551806097246
31	0.1231822441093753
32	1.3270771567423443
33	1.3212305649572562
34	2.0521846674384516
35	2.040717051585054
36	0.1179456216257612
37	0.11631626807989066
38	0.10324194565290416
39	0.10196273750047034
40	1.65911380521188
41	1.6509427180989
42	0.10662366782939384
43	0.10521991595555591
44	1.0081339743495996
45	1.0043515914905319
46	0.09997992006954809
47	0.0987042710002382
48	0.10454607541916783
49	0.10312204652249624
50	0.09250367517879642
51	0.09136353809568087
52	0.09049478915198357
53	0.08938205304316081
54	0.07558441126223221
55	0.07479265741157377
56	0.08089736658945462
57	0.07997596293570838
58	0.0772792238790259
59	0.07642373339362393
60	0.07956495000605959
61	0.07864325101340307
62	0.07006753875672293
63	0.06934030794100698
64	0.06532782346733301
65	0.0646860873829587
66	0.0659647871696943
67	0.06530143307046472
68	0.060751489933715465
69	0.06018084834898882
70	0.06644408070425882
71	0.06575295824250758
72	0.05931826144042297
73	0.05875954403629754
74	0.7266124041078984
75	0.7244979750110322
76	0.0626925856497668
77	0.06206018518963277
78	0.05577310948329866
79	0.05526589466362924
80	0.054131182689488966
81	0.053647842832549135
82	0.05188314101975913
83	0.05143411605650817
84	0.05110878593611473
85	0.05066842426331352
86	0.05418196416987743
87	0.05368200528477002
88	0.051595387093547274
89	0.051136993257852294
90	0.04442289094904827
91	0.04407941589475988
92	0.04653554658963084
93	0.04615533638125805
94	0.044756157281220475
95	0.0444011846737644
96	0.044168428240455145
97	0.04381965826381223
98	0.043054749349249466
99	0.042720458946004236
100	0.04198990226081669
101	0.041669261267977216
102	0.03899650552297927
103	0.03871765422212186
104	0.037415185845077824
105	0.03715654418911662
106	0.037092857283065835
107	0.036836835633278046
108	0.03925796917638608
109	0.03896921866053587
110	0.03525337907889677
111	0.03501874939927154
112	0.03582748479407168
113	0.035583566762280604
114	0.033402055450478224
115	0.03318859945116211
116	0.034592627514756016
117	0.03436229572799731
118	0.030511962825692636
119	0.030331579293005943
120	0.031926334922078886
121	0.03172776654594565
122	0.031329471179832806
123	0.031137147326172978
124	0.030752633079292765
125	0.030566277062380347
126	0.0283975864459421
127	0.02823778061533502
128	0.02881907174458027
129	0.028653665112913524
130	0.029022823176283095
131	0.028854222005405578
132	1.334157394625317
133	1.3278730305960946
134	0.02645249358514206
135	0.026312813682730477
136	0.02913637055309609
137	0.028966158172072518
138	10.7998199127651
139	10.662916337142418
140	0.033172354660111834
141	0.03295785554916802
142	0.029317210383110796
143	0.029148619235831216
144	0.03011888783295301
145	0.02994002656619144
146	0.03156295253700448
147	0.03136549782726235
148	0.02920778280860788
149	0.02903772166011583
150	0.027338484185552195
151	0.027188708160655946
152	0.02741382495859714
153	0.027262504657188807
154	0.02828599642829908
155	0.028124139910509573
156	0.026206962648962988
157	0.026067324600333737
158	0.02471515489839558
159	0.024590389760598397
160	0.024527172806630717
161	0.02440377977250698
162	4.83722902875679
163	4.787811630944833
164	0.029280980380042988
165	0.029109277719710357
166	0.029103078501209585
167	0.028932586646543492
168	0.7267688532982669
169	0.7244716157415015
170	4.457565317533266
171	4.412564630517902
172	0.030180776530739518
173	0.030000783434782855
174	0.03017845983894459
175	0.029997530146626143
176	0.028249248261530985
177	0.02808984407234705
178	0.02761799913278292
179	0.02746487764040057
180	5.569031755447306
181	5.510508573521207
182	0.030985327165236443
183	0.03079754412585608
184	0.030613271446471153
185	0.030428945008774997
186	0.6995968129705047
187	0.697501721645863
188	0.031160133760746885
189	0.030968900330277088
190	2.555820555755012
191	2.538383019114907
192	0.030852765682643217
193	0.030666666415476197
194	0.030859876663524476
195	0.03067265878615847
196	0.03175196539255041
197	0.03155268816447721
198	0.030255938375407174
199	0.030073957017637782
200	0.027290341032251
201	0.027141462189773886
202	0.7147626743556039
203	0.7125342000277941
204	6.199794320075855
205	6.127622308902188
206	0.03252496059929809
207	0.03232071343547813
208	0.03387058227889238
209	0.033647794010442496
210	0.0318455621036262
211	0.031647379185051006
212	0.6817014431062792
213	0.6797070830811596
214	0.031786569900044435
215	0.03158876422517422
216	0.03081946060714689
217	0.030632433764474522
218	0.030079352934095156
219	0.02990021186215725
220	0.6678197885614824
221	0.6658809236929818
222	0.029953158303462037
223	0.029775348580640223
224	0.029424519400845367
225	0.02925201435045975
226	0.6619716600605515
227	0.6600844652677652
228	3.0384035964176594
229	3.0154655083640027
230	0.029956920629338232
231	0.02978053638278712
232	0.027986583643620767
233	0.027831791129014998
234	0.9490346267899168
235	0.9455036609092713
236	2.158195450896067
237	2.1444765475172667
238	0.030852012518755
239	0.030666204594227232
240	0.03161312905438247
241	0.03141696737112236
242	0.02974224645017981
243	0.029567608564643574
244	1.560836347171545
245	1.5552850430349676
246	0.030811691955844527
247	0.03062605036118447
248	0.030819636107054724
249	0.03063287001942969
250	0.030261754146125454
251	0.030080689550184996
252	0.02954514103463906
253	0.02937161414495118
254	0.6585603204925154
255	0.6566822990991079
256	0.029566383926206977
257	0.029392405479374415
258	0.027674470702404287
259	0.027521229481959595
260	0.028244364663999252
261	0.028083981921715226
262	0.028430997374467696
263	0.02826769318209905
264	0.026499611653072113
265	0.026357023086955433
266	0.02734933571311332
267	0.02719677656088825
268	0.025208080831628284
269	0.0250778486638678
270	0.02499307269568004
271	0.024864504091015923
272	0.02418853939640109
273	0.02406760053033166
274	0.023419972503595836
275	0.0233061311609769
276	0.02452816348768778
277	0.024402819278905672
278	0.022642279836540904
279	0.022535019518902858
280	4.433824740229723
281	4.391528448285257
282	6.491195533480887
283	6.4310680916262735
284	0.028031547110713362
285	0.027873523059269326
286	0.029046833275960405
287	0.028876342669883714
288	2.0287062287866853
289	2.0165297737788506
290	0.026855516425346736
291	0.026710657044559282
292	0.027273379315118917
293	0.027123283650471227
294	7.884619232323603
295	7.759039925594879
296	0.029793834777344312
297	0.0296186798568174
298	0.02910047834070658
299	0.028932486334718125
300	3.5538282685092906
301	3.5299293846805946
302	0.02964576562309898
303	0.029474653489804718
304	0.03048293837319937
305	0.030301067499910683
306	0.02920849917403642
307	0.029040587274919785
308	10.857899235131828
309	10.708345507132194
310	0.03348091444105617
311	0.03326636080130726
312	0.03202425633521209
313	0.031826734872015185
314	0.030254010826237843
315	0.030076667198253654
316	0.03206288032530958
317	0.03186262793792304
318	0.03127065840438367
319	0.031079065511755162
320	0.031247791043233258
321	0.031055405060822796
322	5.621585585295079
323	5.566465829084899
324	0.033565439511130356
325	0.03334713252990337
326	2.4433316220284524
327	2.4269337841667826
328	0.034749764154632226
329	0.0345173909495979
330	0.033039776424084843
331	0.03282834800967894
332	1.2348494631438944
333	1.2299510834134608
334	13.036350248899774
335	12.87579096816355
336	1.1351075876181227
337	1.1305723448102822
338	0.616911941832808
339	0.615306850880738
340	0.03790920208074795
341	0.03764891628724642
342	0.0393892260710399
343	0.03910618270087406
344	0.03778354500272423
345	0.03752110306998985
346	0.03840588737248815
347	0.03813277978827621
348	6.1114698119514745
349	6.05027370808917
350	1.1472570498545165
351	1.1409900509081015
352	0.04045374339458503
353	0.040162065763191715
354	0.04116029023313815
355	0.04085595145765555
356	0.04202074851573276
357	0.04170102437455033
358	0.04050853051319075
359	0.04020895539206923
360	0.8308159574201339
361	0.8281324583942233
362	2.2289349059860326
363	2.215498459826828
364	4.093767719825518
365	4.068086728015333
366	7.43367539058279
367	7.364688147540402
368	0.05087359167135313
369	0.050431346826681336
370	7.029966719800297
371	6.925249929756943
372	8.556041105311081
373	8.46150473213167
374	0.05701325293763549
375	0.05648772414330742
376	0.053851817633838686
377	0.05337732374403872
378	9.93184023293875
379	9.802155184588306
380	0.06157632314570458
381	0.06097744521459988
382	0.05960896383981162
383	0.059040447456998574
384	2.1978981919979756
385	2.183616766686605
386	0.7978082503389753
387	0.7953718831840288
388	12.280220273362886
389	12.08976949934421
390	12.888030652618841
391	12.762206087355112
392	3.705350296917513
393	3.668804746289752
394	1.0272172962682642
395	1.0251863064438909
396	5.1051560527667945
397	5.069804051764937
398	3.414680535857237
399	3.389346839611796
400	5.398797443864623
401	5.359979560859869
402	14.59581655180907
403	14.428286648499618
404	6.886382716476547
405	6.807042932290353
406	13.580597462777899
407	13.402766009651435
408	7.7012150104186246
409	7.626848762902621
410	3.993892353039843
411	3.961139365880508
412	0.542298708752842
413	0.5405585699690035
414	2.0259715864407557
415	2.018313595099837
416	14.915109659007065
417	14.732210836520355
418	6.787405504116791
419	6.720608727079622
420	5.051131076075802
421	5.026606163232482
422	5.282905489772436
423	5.249231678656164
424	13.030896730644576
425	12.877829887172602
426	11.340897269302646
427	11.251260398535015
428	14.286158317751244
429	14.164198291560647
430	4.210374901114186
431	4.1860209308696215
432	13.799734922139423
433	13.67206587949812
434	50.14800091370778
435	49.10376994549206
436	23.712111382313314
437	23.474308370645158
438	6.402917204405705
439	6.346193935449886
440	18.70864238748439
441	18.46456065734165
442	19.135825482115177
443	18.914967455028737
444	43.91128408883388
445	43.29966308066164
446	50.52153927299208
447	49.91344812039135
448	81.51707867912484
449	80.52834898776732
450	71.58625957321588
451	70.66760926649243
452	73.37992060558337
453	72.34220712214717
454	119.39955322729787
455	117.90980532054513
456	131.46994247117226
457	130.1521870868886
458	162.98622770477118
459	161.13625829772346
460	143.17459518322156
461	141.88074309694173
462	144.9391060506923
463	143.849073114045
464	175.3297392692189
465	173.9689935083861
466	203.07277609891986
467	201.61703262915847
468	158.77847170643122
469	157.70871796728048
470	197.71085453835272
471	196.10913276391105
472	175.17680817151657
473	173.23658234017086
474	232.38439054054953
475	230.8234671233819
476	245.88603885942237
477	243.99304580272758
478	239.33051494896648
479	236.8394034160117
480	255.9306892389064
481	253.0462422411132
482	311.8618907825759
483	309.6430224347761
484	297.17958561133185
485	294.4151788722645
486	293.7780543728991
487	291.50399458775803
488	345.32958664598294
489	342.77578126208385
490	367.50958283377804
491	365.64754385603237
492	417.1853375819387
493	415.65618972667426
494	404.8379095647522
495	401.0453735904539
496	448.97632550942444
497	447.0561801424802
498	290.9248913221205
499	289.26722488009926
500	292.7419813714899
501	289.9564328254339
502	473.5089342306454
503	472.20262457624153
504	315.97571865876455
505	314.3176595903341
506	402.0552913542543
507	398.8373930999667
508	347.24389005188584
509	344.7430246302806
510	353.5835556233572
511	351.68989548574785
512	375.9759587683357
513	373.6263988707163
514	339.6673175377185
515	338.17270887948877
516	322.97324320042225
517	321.55782578225734
518	339.32099174795565
519	336.88984762328937
520	429.52936370238683
521	429.42827973068876
522	393.63182722494565
523	391.1432598548962
524	389.1914065770054
525	387.38335815029814
526	394.8204532206878
527	392.41084917273076
528	382.2304368894843
529	379.7984614027731
530	354.9241830516455
531	352.6661323291099
532	374.48954544090236
533	372.3704086015355
534	364.489533623558
535	361.3097709929997
536	328.63079485834834
537	325.7615579328315
538	329.19146465415275
539	326.93135840369496
540	316.46073950604824
541	314.85193785402697
542	343.3149765156923
543	341.231221649633
544	347.8258699003197
545	346.00709043847513
546	288.98229462365845
547	286.050708795961
548	384.4796255049142
549	381.3354453591809
550	393.20461615168097
551	390.6564230711766
552	299.71975642386207
553	298.12890190965834
554	280.3935337660033
555	278.89680967771045
556	285.94599964565316
557	283.9990072516897
558	266.7053778576509
559	263.99344100924907
560	253.726190139952
561	251.2554529756222
562	388.0179466502797
563	385.6933221639442
564	432.12603746693503
565	430.90782973953037
566	348.2948431871827
567	346.465900006261
568	369.17654588181534
569	366.9427998568512
570	416.0632456172086
571	414.0054381944715
572	352.43558211263763
573	350.0137617776516
574	452.8701397156065
575	449.9203711675173
576	335.6043847126717
577	331.97867687536257
578	253.81732066525313
579	251.55544748234362
580	311.7475949609395
581	310.03333274483714
582	409.38759511977764
583	407.96077721253664
584	328.37796234641536
585	326.38800787243406
586	408.3561546128517
587	406.964923261512
588	409.9597991275454
589	408.31100362704166
590	356.54410029694526
591	355.0622017299193
592	354.72258038655093
593	352.4176740648462
594	348.4653229893431
595	346.04170930006114
596	386.9940060741331
597	385.2997384517906
598	390.97241653345196
599	388.5330349248876
600	270.40592514285987
601	268.741571857416
602	338.37948961953333
603	336.29602041315314
604	363.139439071331
605	359.940266584471
606	345.8057998383511
607	342.66688183807906
608	372.8167581170274
609	369.654448708202
610	468.13709129586357
611	466.1279215876592
612	446.6713887921876
613	444.77847290874416
614	352.2444464801902
615	350.85254060316817
616	450.5529836475857
617	449.2695765114092
618	391.3493448079937
619	389.245216705
620	349.7955222545135
621	348.16663196213835
622	423.0639046998953
623	421.2461960291976
624	348.1660545314543
625	346.7136426096063
626	404.68225278106456
627	402.0890581449549
628	366.51004400257943
629	363.9448701276589
630	329.80223769216195
631	327.5366263584837
632	360.06714835185306
633	357.99983374742186
634	395.8493360050634
635	393.7616820746457
636	355.7538613670817
637	353.6210906896072
638	399.14672901088403
639	397.1562726339341
640	467.2269067797084
641	466.5212003057982
642	355.76898889617377
643	353.9475854633172
644	373.677878694997
645	371.9650659654999
646	412.83729575934973
647	410.6925476821141
648	280.87407960240984
649	278.78604519390205
650	359.5388087564229
651	356.6091495375412
652	401.67196406187605
653	399.289356887874
654	447.99061818400463
655	445.682619488162
656	328.9465150998297
657	326.815414771195
658	315.1739948584139
659	313.239200088672
660	343.07161968725546
661	340.82996800728193
662	363.4854299484456
663	362.24189733958303
664	436.9227460440334
665	435.32157630366027
666	383.8166715944142
667	381.9023549942291
668	449.23580964865533
669	446.83242862505256
670	228.34396791458502
671	225.4495371911358
672	373.31479530075757
673	371.44676288636816
674	351.00417207516915
675	349.3937379951902
676	397.03395834928074
677	395.3526392993558
678	333.1374517970087
679	330.5593247030946
680	360.90704671800154
681	358.6633717897229
682	397.80028149552436
683	394.72779057026224
684	339.3165920809633
685	337.01871827625996
686	316.6111052192739
687	314.947412006305
688	258.9575166001277
689	256.9480248752882
690	310.4452073314184
691	307.55672351479177
692	260.2217825357295
693	258.5299206139617
694	270.0448173558957
695	267.9641456960414
696	417.40158244051617
697	414.3504325800783
698	250.54484615175116
699	248.28756562828022
700	480.77459017837543
701	478.51765443638675
702	376.4915242244074
703	374.12130649508657
704	390.7415063306897
705	388.2063820526099
706	313.622185193786
707	311.1744306979508
708	461.71064435727664
709	460.62362741181926
710	292.8669997068185
711	290.6439031755511
712	345.6470760984571
713	343.8910598959926
714	401.19679297681904
715	399.16771360278113
716	380.2044766552278
717	377.93144104676986
718	295.860423930946
719	293.94408957631055
720	270.0634683794315
721	267.9785284923329
722	320.64987715926975
723	318.5363378291307
724	322.4510700054462
725	320.6623392354843
726	235.34988001182006
727	233.76854102789392
728	340.3875384711383
729	338.3893358086258
730	306.7773851088531
731	304.4076510619556
732	278.6410878415354
733	277.1771259387415
734	269.826956891191
735	267.92247947074867
736	280.9150330881967
737	279.1833410506982
738	329.5393637722126
739	327.51170403064083
740	329.50191545734504
741	327.427128570227
742	388.93795374354335
743	387.4496751859965
744	253.9876425060962
745	252.3978056046966
746	290.33418628218664
747	288.75767289349
748	277.15981477663775
749	275.76188448106694
750	428.65734119238647
751	426.61015023304543
752	322.43531953729837
753	321.1373227845392
754	304.4448964638657
755	301.2523108855153
756	231.06883661587352
757	230.0243374885036
758	393.2142907783538
759	390.7344942012468
760	316.12971862170644
761	313.82376784440896
762	374.8676441571078
763	373.2911660501776
764	357.76660407634824
765	356.077232856919
766	383.2995864630539
767	381.3494789531342
768	279.83425597177023
769	278.3732412219219
770	320.9418523896123
771	319.264268013731
772	329.64019942449136
773	328.63589121545766
774	304.5097469611448
775	302.7927427053832
776	367.57275503632764
777	364.8320534472817
778	306.42873239541274
779	305.0387469294827
780	348.74878593855027
781	346.77616822937597
782	404.7048674673992
783	403.0109421332384
784	366.3712133629888
785	365.12349074107357
786	272.14775826781226
787	270.5914376586446
788	302.86016187269394
789	300.779366398141
790	348.71112120954547
791	347.11770117434344
792	225.89547283436886
793	223.82001800429083
794	380.25145900511336
795	378.00836133804626
796	342.2608014936086
797	340.9230401829016
798	277.50102095290725
799	276.0571609940904
800	259.55956244216634
801	258.06764973315035
802	444.6390114043629
803	442.9686260605772
804	356.3727603103852
805	354.15592364000054
806	340.9662029994295
807	339.0499580948461
808	318.84375752257705
809	317.14881660183653
810	261.2686418403598
811	259.51612741569255
812	345.50989904027523
813	343.2510042933751
814	298.3638536371961
815	296.4496466980648
816	384.56523775020776
817	382.2145186713712
818	417.94851779385107
819	415.60354775820275
820	374.21166413639696
821	371.84149434409534
822	305.1907741965267
823	303.9858094394032
824	331.20453619169916
825	329.5171333094797
826	322.43864711854627
827	320.3715473023561
828	402.17190817823837
829	400.15916557115054
830	508.25541981291275
831	505.81267982425317
832	357.1984331289807
833	354.40672452196765
834	283.81159599829783
835	281.3228155479996
836	405.75332783279396
837	404.4660434297909
838	370.91551997611276
839	369.02859878385686
840	334.5888028074467
841	333.2364515544419
842	396.55149795500773
843	394.93243072577263
844	340.0990352373646
845	337.16232713204124
846	388.75352243724325
847	387.0297307832402
848	359.1494532269198
849	357.522830638236
850	519.4622602347143
851	517.5814015596155
852	415.60291964450505
853	412.3984969101861
854	359.3617855853492
855	357.15595042100017
856	388.4734749468289
857	386.3516296224466
858	423.41157743509166
859	421.10220891433465
860	306.1744166831984
861	304.3165385134294
862	329.3734228965614
863	326.4923655638771
864	299.4690742515028
865	298.2631372838459
866	354.42599409639456
867	352.6773616752019
868	367.51946592415027
869	366.2677944938617
870	295.8718931193521
871	294.26773310577033
872	307.79342922274236
873	304.87469806483125
874	347.59110657648125
875	346.17046143703794
876	462.6608543288528
877	460.22852124369365
878	334.5653915309861
879	333.15079373138013
880	382.657825315429
881	381.1770926679727
882	328.5833387332979
883	326.7969067215315
884	336.3326137800946
885	334.77210860935327
886	354.6338655219556
887	352.85420002291113
888	293.7806471658808
889	291.47265872075826
890	309.5547427592314
891	307.9373350535934
892	259.9953798700996
893	258.39968538455383
894	323.480172247178
895	321.73275182947714
896	359.0663799784725
897	358.1129241679359
898	313.18816689738514
899	311.484315504116
900	427.88052902915655
901	425.9170968426944
902	338.69664354256116
903	335.8467052309073
904	366.6043492512431
905	364.3616080783158
906	371.13163964294876
907	369.8960729286734
908	310.5400758367504
909	308.9638118554157
910	248.76622621207295
911	247.4359387022501
912	375.0091792097316
913	371.2653079243862
914	378.41991039948556
915	376.8088786493335
916	452.3418462365734
917	449.859146946762
918	414.0096585648162
919	412.56522782022284
920	357.8596747691164
921	355.8583903341338
922	350.7254608641958
923	348.5207318272774
924	302.29965994521865
925	300.6231152106365
926	344.1568176425023
927	342.0646611354992
928	348.32090055384674
929	346.321226447157
930	348.2416566307136
931	346.0602348833534
932	337.4181686513937
933	335.1891286876122
934	347.73672491819934
935	346.0664014725134
936	310.1042821598249
937	308.0047050738288
938	352.3316960380639
939	350.7822270582548
940	337.8198053748217
941	335.243004666562
942	346.1645727350605
943	343.8906887682552
944	411.57239830283214
945	410.3304592154766
946	261.9706347471999
947	259.95547953313644
948	307.9549206921511
949	306.2795224429386
950	312.7697403895701
951	309.3270068552286
952	315.7339942221508
953	314.36436043336784
954	338.723202932969
955	336.32506006142444
956	262.8287229956686
957	260.9932157995224
958	283.32759120190974
959	281.1874218540397
960	315.7588642234037
961	314.0761932894745
962	319.0590571271755
963	317.2604151896894
964	324.9848247020239
965	323.72441937589434
966	357.0879340488722
967	355.62987080276895
968	294.93426177125053
969	293.0311661892359
970	405.6027257679038
971	404.11009649099674
972	494.13087189907355
973	492.6216767580887
974	260.9158372856379
975	258.96647001926317
976	346.4918018459289
977	344.17233469846116
978	339.761899612337
979	337.9914340461715
980	394.6245341641751
981	392.36893425191533
982	433.1616810708966
983	431.813240366934
984	343.2895881910777
985	342.0020726650476
986	327.7113193840165
987	324.4068890739925
988	332.1362995576343
989	330.52288360156166
990	313.7364395089422
991	311.43447829771105
992	350.6184526882143
993	347.2403332711812
994	345.2895327477593
995	343.8322670647427
996	332.08698906148123
997	331.1172081569092
998	359.6822843929278
999	357.34943783615796
1000	394.9419085454221
1001	393.29048650220676
1002	429.5816587093478
1003	427.4978583503832
1004	235.51491245210732
1005	233.23029958645043
1006	421.4637799451044
1007	420.28633932862425
1008	347.7255606947529
1009	346.0600821621682
1010	360.00305456071817
1011	357.38577776839094
1012	327.3221802238967
1013	325.4981435284492
1014	338.90249259149687
1015	336.7056063176114
1016	434.91309793965195
1017	433.3677737145024
1018	274.534738697646
1019	272.77816096530853
1020	392.828667910514
1021	391.0226478867885
1022	295.39689821639854
1023	293.97957527808194
1024	295.75671936646444
1025	293.1523460192639
1026	362.9136522200011
1027	361.12680919465095
1028	416.0427618823246
1029	413.2834039775041
1030	351.20773725313774
1031	349.1220134961499
1032	355.2947086840049
1033	353.5269837186315
1034	293.64696966422827
1035	291.6281589862999
1036	334.1555303638872
1037	330.92402565262006
1038	355.8397007546866
1039	353.5160244188953
1040	415.6905156216274
1041	412.7577381764531
1042	338.53843087445597
1043	336.08230878853186
1044	267.2452486293401
1045	264.8137053143054
1046	368.6097763529119
1047	366.84747552768
1048	306.7562386508726
1049	302.912031212556
1050	315.75291714242616
1051	312.8415590646337
1052	303.5482254560982
1053	301.8603676182971
1054	275.10159734257405
1055	273.61064207038544
1056	326.30145675385165
1057	324.9451738979738
1058	322.79073309363156
1059	320.87609444670454
1060	301.74187161686444
1061	299.47575816012005
1062	359.9063914771247
1063	357.19607841825217
1064	424.53554563940054
1065	423.4308376867522
1066	359.5740321219842
1067	357.16282221254124
1068	311.17950263218364
1069	308.5261990463756
1070	347.6689903978388
1071	346.56127877425394
1072	407.0392068219352
1073	405.51489886329
1074	377.73923356100465
1075	375.9502682448658
1076	396.58381270380664
1077	394.38203393485895
1078	307.22485181275
1079	304.8007085576318
1080	364.7796831523568
1081	361.58805613805833
1082	368.02666708067073
1083	366.11930637972756
1084	303.12972029398395
1085	301.22605161387077
1086	337.52332775471433
1087	333.78114842096994
1088	289.88213276118626
1089	287.8100640520694
1090	323.4197897957962
1091	321.15971713094234
1092	375.7912133544646
1093	373.35667733850374
1094	309.44816187358435
1095	305.8315955658861
1096	355.8605251064914
1097	353.9933474292441
1098	435.29089438276014
1099	432.72745231329907
1100	370.9801811796865
1101	367.22740296714744
1102	282.49254926903035
1103	279.5047980419279
1104	267.3960807324351
1105	265.7741713430008
1106	314.12733514335764
1107	312.7487656015271
1108	407.5053002519959
1109	404.79913300393207
1110	327.4935979636891
1111	325.3999018218313
1112	262.50464185231476
1113	260.59412563104826
1114	257.3463512698055
1115	256.1201114770932
1116	408.41651424221465
1117	406.4459290251042
1118	378.2387753408314
1119	375.76624120731
1120	329.73614058972316
1121	327.29189287025105
1122	424.3308291963838
1123	421.1506753991784
1124	331.62050865018165
1125	329.05344810576133
1126	351.08510412743107
1127	347.6791854039115
1128	328.41508762276396
1129	326.73327258310064
1130	432.06574777833754
1131	429.77920735205413
1132	276.9600495526306
1133	274.6200650899075
1134	375.8107848375444
1135	373.40528363954155
1136	394.5171576186635
1137	392.84014899961966
1138	383.95667293163723
1139	381.69780635016735
1140	400.56654430541954
1141	398.4425068864222
1142	315.10080544745614
1143	313.1152829803022
1144	379.6248638926562
1145	377.9969479770372
1146	314.05940866043983
1147	311.1017666097833
1148	400.31240826330884
1149	397.7506324107782
1150	380.54266320462756
1151	378.78962999188764
1152	325.12096152290496
1153	322.63410348295145
1154	370.0975363533938
1155	368.21925624564517
1156	350.6028636521171
1157	348.4901980158188
1158	392.5252157337667
1159	391.7155466089918
1160	323.95658527155473
1161	322.5066126070576
1162	344.05498979492114
1163	341.57372373119796
1164	354.55739564014607
1165	351.9374742066575
1166	461.74797614142824
1167	461.80382036213126
1168	395.1784676393264
1169	391.3729370118225
1170	305.65366344221405
1171	303.49937217275425
1172	341.8428192103246
1173	340.3052317933436
1174	322.1973686322621
1175	320.76714021097024
1176	397.1132097086251
1177	394.72639608391097
1178	402.9499831031747
1179	401.11606752481373
1180	283.94302804198765
1181	281.4938287557052
1182	283.9672256738987
1183	281.66852998002116
1184	387.3391045473382
1185	385.4581093537319
1186	371.3831573193955
1187	369.4618127523644
1188	317.63448933281353
1189	315.4299135680739
1190	302.077024856637
1191	300.03662076789993
1192	288.3563744678585
1193	286.64309555452917
1194	363.1358113924235
1195	361.5039490491544
1196	355.07506296939874
1197	353.15574073354935
1198	392.7185912712789
1199	391.2234312460851
1200	361.52316567380046
1201	358.8040826825628
1202	385.78755337956153
1203	383.44581758397135
1204	367.8428258987191
1205	365.59986740282767
1206	360.8651420338588
1207	359.2898253181627
1208	389.79827652440696
1209	387.8770055123554
1210	355.4782089231138
1211	354.00995964387795
1212	333.97516336336184
1213	332.83211373740914
1214	347.1632452087642
1215	344.43295361924635
1216	301.79631397411447
1217	299.8507889822643
1218	399.54388563507973
1219	397.62569095671415
1220	294.30487592440807
1221	292.4052684903309
1222	262.7175935177568
1223	260.1172649896842
1224	374.62128256537005
1225	371.8533736009204
1226	434.5157367540135
1227	431.64695955894996
1228	420.11547146588623
1229	418.058049979523
1230	416.60871388840445
1231	414.90933610575513
1232	479.78572066973567
1233	477.2184059187086
1234	412.45767300446767
1235	410.33759855228334
1236	369.35594544227973
1237	367.23828001201684
1238	449.1558553350372
1239	446.70819048336637
1240	344.8002785262673
1241	342.95701373336226
1242	415.38428322586753
1243	412.3456381241761
1244	435.0673500133917
1245	433.02614241708187
1246	394.0924043165996
1247	392.18556106023897
1248	342.37599154258766
1249	340.6717461569783
1250	357.08571592554284
1251	354.88683467444275
1252	362.234183642678
1253	360.2919583501692
1254	321.6302891527041
1255	319.5646560294636
1256	407.39741953840587
1257	403.95614380421597
1258	337.7134744969498
1259	335.78922476252586
1260	333.8924782816381
1261	331.3544659889165
1262	304.32448277395895
1263	302.23237321366435
1264	378.4237389762087
1265	376.3900215604771
1266	320.3343877620439
1267	318.32012244259886
1268	472.01612768359746
1269	470.43565328802174
1270	363.4668642011974
1271	360.82536779807185
1272	396.7683796657269
1273	394.2456291577287
1274	431.92839718639146
1275	428.48742062626917
1276	344.7761713462012
1277	343.2254939524329
1278	314.9619374724371
1279	313.5695944954126
1280	482.3650228417241
1281	480.96613746286994
1282	379.26090453966106
1283	377.2097392761866
1284	400.2013184162713
1285	397.5834348332639
1286	387.5264084359546
1287	385.1949693614523
1288	379.6478057127489
1289	377.7552655601927
1290	308.3504048220496
1291	306.2254752039019
1292	476.2851938194032
1293	474.6507511474579
1294	288.817122809235
1295	287.1925657420547
1296	441.4494480388702
1297	439.57581202207064
1298	379.07909031176234
1299	377.5283416361603
1300	414.98106313542746
1301	413.2140321937347
1302	411.80565819616925
1303	408.5346250696657
1304	329.46610833750015
1305	326.82614643779243
1306	330.96719824359064
1307	328.2389983981736
1308	324.62907971780913
1309	323.393234603262
1310	349.61267173418224
1311	348.04880762921255
1312	419.23667643824376
1313	417.39982286650337
1314	344.41741431186057
1315	343.14668976018953
1316	322.0344101850814
1317	319.41657505781626
1318	285.11284349739134
1319	283.2114088633908
1320	281.4485221119166
1321	279.6897845975759
1322	368.3987497401208
1323	367.05541913378477
1324	319.59203239846136
1325	317.51910315161325
1326	393.55350351514863
1327	392.49941919393956
1328	382.78750886347956
1329	381.81513028737754
1330	226.77912339460391
1331	224.54610672113566
1332	388.9437959534018
1333	386.93443548454076
1334	412.64339435649623
1335	410.7122366632253
1336	507.57111914575813
1337	504.9566532900081
1338	363.66710699638617
1339	360.05523013071985
1340	336.79775111618125
1341	333.4537362611672
1342	333.0991420948745
1343	330.27092098639827
1344	313.2742112409082
1345	311.66615390828133
1346	295.97118686318794
1347	294.62362802052075
1348	314.1642563501942
1349	312.1954009079306
1350	306.7213255517826
1351	304.875421511229
1352	349.0782269882885
1353	347.4458173947961
1354	333.522399705398
1355	331.22090115250006
1356	434.54656233468575
1357	432.767478109493
1358	357.87549435679983
1359	355.8637383619337
1360	375.2106572893904
1361	373.1355733139244
1362	381.93358264889423
1363	380.15636752143473
1364	340.7702585816968
1365	338.9098294003208
1366	353.5814741852568
1367	351.71299187101874
1368	412.28810806158873
1369	410.37363365781715
1370	317.7977164747844
1371	316.1019547753853
1372	367.7809921084445
1373	364.8252444232455
1374	251.86708758103563
1375	249.243995270886
1376	345.4908036910868
1377	344.07435063210534
1378	307.41649906548696
1379	305.10741238161387
1380	337.229336677045
1381	335.67736470107303
1382	347.41198649151426
1383	345.0462588849305
1384	312.4176681945016
1385	310.53921095221983
1386	349.8624498230501
1387	348.06902884112935
1388	359.0801984196007
1389	356.60011339613936
1390	423.1977736522386
1391	421.5627432430687
1392	380.54960222471703
1393	378.45969654619995
1394	371.307053597005
1395	370.04053670985536
1396	305.8635793575158
1397	304.088582013124
1398	404.67383677709665
1399	403.02428627224975
1400	369.7472630438661
1401	368.1441933788082
1402	373.2462348115114
1403	371.2540994667101
1404	314.2170481840264
1405	312.1269163062445
1406	298.7771019873803
1407	296.2207605240822
1408	321.93898600680916
1409	319.83115835215665
1410	293.137490215783
1411	291.68361227730776
1412	271.12033091433
1413	270.03267276021745
1414	410.4652537781006
1415	409.20692769581444
1416	319.63630726426976
1417	317.93460345359955
1418	319.69036224228034
1419	318.28581894023904
1420	405.35284401958836
1421	403.22161005724206
1422	365.4758862780121
1423	362.53789211921236
1424	355.7954369706708
1425	352.99236169621827
1426	325.2011528421146
1427	323.8960201792265
1428	346.1225538180754
1429	344.63822491620937
1430	336.11155418160496
1431	333.9586923373115
1432	469.65947383035945
1433	467.3010019107839
1434	368.7424601765296
1435	367.58667262413735
1436	429.2689229734616
1437	427.4311397676696
1438	410.05800394739964
1439	408.58478555492223
1440	312.18942053606185
1441	310.13493075398367
1442	367.04051014034536
1443	365.6435026287651
1444	368.08193584691355
1445	366.66707734370794
1446	395.9655351661819
1447	393.45911159761494
1448	324.37308845436644
1449	322.08458064688165
1450	314.8567680555384
1451	313.45129203468815
1452	422.0718813905722
1453	420.3574359381561
1454	369.3945322494636
1455	367.8764645370274
1456	383.71889935722305
1457	381.8883274925084
1458	241.84953080292817
1459	240.01035939032022
1460	383.40990896434386
1461	381.8055963683821
1462	396.48621120887185
1463	395.0679393687621
1464	330.96552009349034
1465	329.10601101212956
1466	334.6668493631532
1467	331.54632311684486
1468	340.33990549138326
1469	338.2135263674226
1470	327.8994545184521
1471	325.97527370616706
1472	312.12314861341423
1473	310.4851298287876
1474	390.6723042198555
1475	388.89561826566677
1476	368.3757807194
1477	366.5922772390699
1478	306.41306985638005
1479	304.0085597853036
1480	335.6751220858258
1481	334.49597375984087
1482	325.2858084419677
1483	323.6206225939381
1484	416.03625471882793
1485	413.9911784765495
1486	337.8638566113349
1487	336.1146472179194
1488	469.8428543380277
1489	467.1199106832716
1490	366.95345763959983
1491	364.3254881129594
1492	317.4225311600806
1493	315.27887958727285
1494	285.7494300400576
1495	283.65689111282967
1496	401.93784593662485
1497	399.04309087548165
1498	362.8520656083643
1499	361.23906961025807
1500	356.6910595919632
1501	354.60104263213896
1502	329.3379678013924
1503	327.5208322139816
1504	398.9863614923368
1505	397.66631822663345
1506	409.3639054221719
1507	407.9630636430887
1508	315.85536216564435
1509	314.0196678173459
1510	354.74042085992545
1511	352.08749915899534
1512	307.6436169236369
1513	305.55819640865593
1514	307.9993161366901
1515	305.5213550481722
1516	276.59560398501463
1517	274.8384727427296
1518	321.1692321608829
1519	319.810588826329
1520	391.5296381921923
1521	390.03368081948895
1522	257.0621966654772
1523	255.16724640142698
1524	313.4289480763555
1525	311.7005461829842
1526	266.38526532436185
1527	264.2880849141978
1528	434.8978710163326
1529	433.09634935384275
1530	359.2180228015565
1531	357.0957841503987
1532	359.46297364623143
1533	357.5820653571528
1534	301.5635229769121
1535	300.25725254434263
1536	407.0210542139366
1537	404.1017369723618
1538	312.416340186043
1539	310.70805886687265
1540	468.21307521175805
1541	465.65375510480396
1542	311.6326766462105
1543	310.21147038666203
1544	372.46253966249
1545	370.4082425785878
1546	414.3717669631943
1547	412.59351714438986
1548	317.8093609239422
1549	314.88959797640086
1550	413.43627480456774
1551	410.27105244516133
1552	258.46148189258395
1553	257.1061567101759
1554	254.86254620323146
1555	253.42373407272896
1556	514.6732380746499
1557	512.6820690739776
1558	400.5650095374071
1559	399.3058121656099
1560	384.7473730083314
1561	383.82584666193355
1562	391.1694047141816
1563	389.1175677304514
1564	312.80418037829844
1565	311.0295646005867
1566	387.08720820165325
1567	384.9259932593486
1568	333.776282706261
1569	331.96589210189813
1570	301.56628127424966
1571	299.6684917172548
1572	334.8741695916588
1573	332.67864772244053
1574	339.44948268310213
1575	337.54223447294333
1576	429.0139316036628
1577	426.78703205406885
1578	306.2432761546313
1579	304.3953358043076
1580	372.99405202573246
1581	371.9753485374333
1582	397.90607680126107
1583	395.58384954620254
1584	317.85875905338713
1585	316.0874496442591
1586	446.5844788306793
1587	444.04684490062226
1588	350.74088896601
1589	348.7234767706317
1590	329.89889429567484
1591	327.00393929522113
1592	358.03719097765395
1593	355.54266000166797
1594	290.0373719051658
1595	287.82977130128376
1596	392.8675902175271
1597	390.92043698638196
1598	342.14870281131545
1599	339.76462810137053
1600	348.69382781972297
1601	347.0893215342111
1602	318.08871290310475
1603	315.6334811905724
1604	377.0867985510608
1605	375.34159004079703
1606	313.8305674734979
1607	311.7865701837266
1608	309.6345888889781
1609	307.45697954450173
1610	368.13817202910747
1611	366.57245720182027
1612	261.0810790987663
1613	259.9840707292518
1614	301.6924632580122
1615	300.0032974882232
1616	342.30702539474237
1617	340.64115806303846
1618	306.6974678761116
1619	305.56220358844536
1620	418.6532880948026
1621	416.2182203378193
1622	317.88912568534647
1623	316.21793432637105
1624	369.3610921099635
1625	367.77464506631725
1626	402.08095366943127
1627	400.0632992475738
1628	346.28191703304554
1629	344.5865223307017
1630	404.38151859166896
1631	402.34172111483275
1632	421.1895639908702
1633	419.3855227067332
1634	288.2354473741572
1635	286.06199203561914
1636	267.70330089513334
1637	266.1410427388788
1638	337.7987818969008
1639	335.3790723814722
1640	304.2328681151768
1641	302.87924113437543
1642	337.7772965091155
1643	335.2163403964724
1644	293.33298116593085
1645	291.3770363850512
1646	322.16816198591573
1647	319.9478737560073
1648	360.55041065216216
1649	358.3443843570733
1650	314.6881530450541
1651	312.6946138550641
1652	365.18154774814224
1653	363.4271130609246
1654	291.6617319122775
1655	289.68332578724625
1656	351.7475559610938
1657	349.67787471561047
1658	307.48734894798406
1659	305.3227313635806
1660	337.67935076195266
1661	335.7614051172213
1662	395.02090446338815
1663	392.8104304063553
1664	280.3805149407752
1665	278.3137230938844
1666	332.99346215680936
1667	332.30903781573716
1668	337.5630707319345
1669	335.5891874889962
1670	273.1615032577937
1671	270.0500101181071
1672	355.363612172684
1673	353.21583933508754
1674	355.6680827217868
1675	354.2985822295876
1676	330.5803769132154
1677	328.71285984030953
1678	375.72500581886266
1679	372.1359044862144
1680	376.69642543534667
1681	374.8756957561243
1682	341.83637075214784
1683	339.9792668860607
1684	291.31556672352
1685	289.13067184694114
1686	448.81836222634803
1687	445.92367190425887
1688	287.17695427789704
1689	285.9534667454735
1690	287.77569519262795
1691	285.48584550812916
1692	289.88429167019063
1693	288.37403017838255
1694	342.72482123834845
1695	340.1926883494798
1696	386.7049630835093
1697	385.3410795427676
1698	348.54914913169574
1699	346.7923979596081
1700	328.6228583743094
1701	326.2097828488069
1702	306.57401572368315
1703	303.6837310081349
1704	263.27138351352767
1705	261.9893953575169
1706	292.6142457745162
1707	290.12491095156236
1708	390.81139250868415
1709	388.77770491836185
1710	399.9347633625743
1711	397.73594542824964
1712	343.32393259834544
1713	341.57308516934364
1714	298.7547901852735
1715	296.9104642814805
1716	271.96421628964606
1717	270.45155277244834
1718	353.4687345092217
1719	351.07863400468875
1720	229.7513121429992
1721	227.84574968817898
1722	348.6891942911027
1723	346.37484802409404
1724	334.8738240563723
1725	331.03519734401954
1726	276.39260855202525
1727	274.47191402641124
1728	299.78512551571606
1729	298.2313290700957
1730	340.1374639753449
1731	338.34646635992135
1732	332.742098291736
1733	330.15044361541163
1734	367.0813139217321
1735	365.5056382134584
1736	353.64813496794807
1737	352.036649445803
1738	340.2185589126122
1739	338.9115111986453
1740	405.0187067023803
1741	403.1900353200041
1742	433.9159943309099
1743	432.5506307487813
1744	374.4984059976543
1745	373.01782551328876
1746	347.12186992973534
1747	345.10629917057247
1748	407.3332115968945
1749	404.02827597966916
1750	382.3035255974367
1751	380.430482323647
1752	389.1348390806103
1753	387.0759697553546
1754	408.3268540773665
1755	407.17200169145167
1756	359.69961617638205
1757	355.9025658929148
1758	343.134701680675
1759	341.7860815944974
1760	406.2870696184832
1761	403.3570214784347
1762	403.0575322103857
1763	400.4692774300174
1764	287.88578443883176
1765	285.727553428836
1766	385.7800777306654
1767	383.4780378750918
1768	322.42093882557936
1769	319.35110922974405
1770	364.4772191456169
1771	362.84760773384426
1772	327.71472060326545
1773	326.3919028147063
1774	362.4209470655423
1775	357.3080199242064
1776	335.6913539574878
1777	333.6779521096252
1778	365.07498646857846
1779	363.175553037528
1780	283.2814122568606
1781	281.9495249250609
1782	359.12706576329794
1783	356.2306306713905
1784	321.1301357082429
1785	318.6939105951077
1786	350.72816315607787
1787	348.77082098738373
1788	358.7279063601969
1789	357.02529133831115
1790	420.80138476240836
1791	418.4072081858917
1792	426.2287192397751
1793	423.5088558392254
1794	489.89649044234193
1795	488.36404282471767
1796	374.52975398855455
1797	373.7480924927216
1798	386.22798506825467
1799	383.8276263891294
1800	440.1839403966837
1801	437.3830500973292
1802	428.08860050574805
1803	426.7358508366407
1804	345.04547910233765
1805	343.4424326211142
1806	397.69201640364076
1807	395.5232442531662
1808	337.2383757527849
1809	335.35515000359396
1810	295.7657064119926
1811	292.53884860465524
1812	340.69592801197075
1813	338.71747960991553
1814	341.0113949793459
1815	339.4307813288805
1816	316.20544593267783
1817	314.52138742544423
1818	432.75340968130126
1819	431.4106270836079
1820	330.85373423405275
1821	327.99938144415
1822	374.1398509232426
1823	372.1741164114035
1824	422.1720676196752
1825	419.7781684714296
1826	313.7213455052668
1827	311.64879734636315
1828	436.25114928546765
1829	435.2157320568203
1830	352.13688781240484
1831	350.56100241650205
1832	408.7504886822031
1833	407.06762743492726
1834	334.5888143429931
1835	332.15865337249073
1836	288.4420312037361
1837	287.00828435933255
1838	319.3408253865132
1839	317.5296238351348
1840	397.76727342991313
1841	396.0517137606183
1842	464.8140909657834
1843	463.7725381244906
1844	426.1876643203814
1845	424.41492784974866
1846	410.5939171436811
1847	408.5204781715141
1848	392.40115683705255
1849	390.35416612715534
1850	354.69408078659814
1851	352.8454485851048
1852	299.2115352483535
1853	296.77467894622697
1854	355.5281014262025
1855	353.26008453698495
1856	456.9513087935214
1857	455.1745541226647
1858	374.70540532544175
1859	373.33825995114194
1860	326.0333393181356
1861	324.18290285590814
1862	440.6490682592867
1863	439.16316429430316
1864	474.8992843456898
1865	472.3627289598284
1866	239.65074119131077
1867	237.52708781339723
1868	280.643818716241
1869	279.2698454454248
1870	286.81444220325653
1871	285.1714297839008
1872	322.35243234136544
1873	320.6437982223825
1874	390.4694918744408
1875	387.8139077448675
1876	509.33601113777246
1877	506.52565808478744
1878	375.2709567794937
1879	373.7318786501585
1880	382.49720810542726
1881	381.13597306431984
1882	372.32811321798056
1883	369.90796140303297
1884	296.4421941738364
1885	295.3737579651546
1886	286.6549975135849
1887	285.1242748044169
1888	367.66622715760764
1889	365.2422887779248
1890	362.28345790843787
1891	361.24024322165985
1892	411.56558882798635
1893	409.0808349945597
1894	381.9704084350787
1895	379.2020702906579
1896	353.1872509923915
1897	351.1710256262867
1898	310.24541996839815
1899	308.4723969242734
1900	400.9898041077683
1901	398.5439463535957
1902	412.0951439056672
1903	410.39034802195414
1904	302.4254895220866
1905	300.8722679185287
1906	375.94922475358845
1907	373.32415886450644
1908	323.2741627191085
1909	320.84511076973354
1910	408.09653936107696
1911	405.77531524083446
1912	375.11823758797664
1913	373.2836017504485
1914	326.97585756841715
1915	325.16418320717435
1916	328.2772178805689
1917	325.65292517371716
1918	317.8883869865615
1919	315.8519591096624
1920	356.39664237146894
1921	353.06821930228284
1922	386.17525087581924
1923	384.1283236404802
1924	407.11933212257793
1925	405.64414824007173
1926	440.22232328363293
1927	437.3349306063321
1928	391.19993970652257
1929	388.8895977083118
1930	297.19172232732603
1931	296.1538796034862
1932	398.5237045757306
1933	397.2532881412661
1934	303.59542045728654
1935	301.4615309748796
1936	359.34188656263666
1937	356.95753591052977
1938	323.34407611395017
1939	320.8045919189797
1940	323.190662460943
1941	322.2321579504924
1942	400.51265806785227
1943	399.2782880634015
1944	347.2574984421739
1945	345.78191377156764
1946	381.1299359533362
1947	379.17762195307506
1948	502.02012087799386
1949	500.55392334597565
1950	399.96334698588237
1951	398.0508496059399
1952	389.1716560117752
1953	386.5743761087904
1954	403.23170634326476
1955	401.084002148744
1956	394.14696647705534
1957	392.191132423024
1958	334.94517694273753
1959	332.7139405002339
1960	324.4140929690597
1961	321.8934748893361
1962	303.96770171261966
1963	302.6689959857613
1964	379.5547658272672
1965	377.90962423783645
1966	304.79093653157497
1967	302.7893588008254
1968	425.2923203189693
1969	422.70883537989505
1970	365.6884736206204
1971	363.66480058930256
1972	317.54053379306373
1973	315.2318815009705
1974	369.96386408090615
1975	367.7135568611733
1976	311.9749782068616
1977	310.9036882796532
1978	362.8005142985945
1979	360.89076508959465
1980	352.9476595529385
1981	350.50706278850146
1982	300.598858150329
1983	299.0116237626984
1984	345.1380569495294
1985	343.38747067564276
1986	323.1099800592729
1987	321.2887076748665
1988	406.7829729803746
1989	405.4770182981761
1990	379.9567778104768
1991	377.8120156555971
1992	376.55255469260726
1993	373.5340100571879
1994	292.4739485297545
1995	290.12169473535556
1996	393.814648973452
1997	391.84687248352736
1998	333.2744267483176
1999	330.89875397102037
2000	330.5308878176019
