0	-2.134893316124633
1	-2.140938887620239
2	-2.8960590000347883
3	-2.8961225175166976
4	-2.963465545145447
5	-2.962989516797567
6	-2.8641317880509845
7	-2.857905766009969
8	-3.6208824818411967
9	-3.6177584454711607
10	-3.6305678041287894
11	-3.6227202549075646
12	-4.750951902093974
13	-4.729343445952826
14	-4.304838132463833
15	-4.2775929341029295
16	-4.299413093617599
17	-4.283032508377732
18	-4.176895941378989
19	-4.155919404785207
20	-4.615507416697492
21	-4.589012686455425
22	-5.457148815558051
23	-5.430430808602906
24	-4.833810399216984
25	-4.819439948202315
26	-5.23126979114743
27	-5.208478018346113
28	-6.080882165650209
29	-6.040558462185291
30	-6.37667940818146
31	-6.351939028986835
32	-5.982219282823968
33	-5.961360769400926
34	-6.351741041116603
35	-6.318900459590948
36	-5.799125666056061
37	-5.777556715709088
38	-5.939730466485969
39	-5.919527670073517
40	-5.892739796717065
41	-5.870892823539465
42	-6.736587558123208
43	-6.7097318931884935
44	-6.715205550160162
45	-6.687262603616395
46	-6.702609390291192
47	-6.680104594226933
48	-7.139016759480123
49	-7.116417299634777
50	-7.15935765637585
51	-7.129138140520305
52	-8.483809378991577
53	-8.433662752859595
54	-6.886973273100555
55	-6.859160537696682
56	-8.483427071518237
57	-8.444726534744754
58	-8.172610566560412
59	-8.134522967386792
60	-7.989586884676872
61	-7.947179761945123
62	-7.588176904187654
63	-7.555320774036954
64	-7.512529838795733
65	-7.478549872222075
66	-8.655227883108125
67	-8.614477795977896
68	-9.036020006594182
69	-8.997068979496696
70	-8.355673070071234
71	-8.335136997698301
72	-8.074678108088133
73	-8.045060602322916
74	-8.461889258517724
75	-8.430130538214682
76	-9.618402975980521
77	-9.565070749345503
78	-8.25971384535363
79	-8.224768284768155
80	-8.820035744000453
81	-8.774728911155238
82	-9.417370252464949
83	-9.379739410029407
84	-9.19387505664087
85	-9.136374836583734
86	-9.577040724080161
87	-9.522715015580811
88	-9.56224798967124
89	-9.518800669655025
90	-10.215755405070908
91	-10.154421104204044
92	-9.439064815307532
93	-9.39633656576189
94	-9.987849820456239
95	-9.931819928909775
96	-10.36671629973928
97	-10.306524505129746
98	-10.051975329742914
99	-9.994753241804231
100	-10.044721508491348
101	-10.000002127252168
102	-9.670935996408463
103	-9.607434165948701
104	-9.880758107291973
105	-9.83603504256714
106	-9.46833237616791
107	-9.417841667776495
108	-10.151514049313118
109	-10.086891556748425
110	-10.238719075413433
111	-10.186322378850601
112	-11.200429356377267
113	-11.135964397091952
114	-10.489333573705228
115	-10.42587658006901
116	-10.247915464324299
117	-10.176992735128245
118	-10.325041854199169
119	-10.278979757249461
120	-11.229517184558988
121	-11.165058585205157
122	-11.34168296940235
123	-11.275029416381757
124	-9.573642022855125
125	-9.528157049365896
126	-11.65751402508405
127	-11.611320705537803
128	-11.235803948807355
129	-11.160255827229143
130	-11.927442873514147
131	-11.86660503459984
132	-10.731143604191143
133	-10.662653081965937
134	-12.242542043135268
135	-12.181768703591793
136	-12.339842926618445
137	-12.277783588225597
138	-10.929062041869942
139	-10.856168709949987
140	-11.283972949791453
141	-11.219399133172884
142	-11.693626154295837
143	-11.597011479431051
144	-12.213636698681958
145	-12.155748063719672
146	-11.809374365974692
147	-11.762525591183257
148	-11.480627163897848
149	-11.41127769676413
150	-10.987780947470208
151	-10.91337051489124
152	-11.514033249912616
153	-11.445937802052534
154	-12.432809673122945
155	-12.358572126285758
156	-11.35854401015883
157	-11.279652216470067
158	-12.213938272453461
159	-12.170780295009882
160	-11.982149219393273
161	-11.92987883325466
162	-10.916977068011185
163	-10.849681773100725
164	-11.630238302974785
165	-11.563060633697821
166	-10.687313485677626
167	-10.6303290439326
168	-12.043580277918426
169	-11.968491664748592
170	-12.78901189506691
171	-12.733824289515347
172	-10.975408829933057
173	-10.899836518502688
174	-11.91367476722233
175	-11.834429591071249
176	-12.284692301480481
177	-12.209164018122843
178	-11.69410673969793
179	-11.61990444468121
180	-12.166752461074898
181	-12.085951032816606
182	-12.411688847131465
183	-12.356144099099424
184	-11.860548026430719
185	-11.769234154887394
186	-12.279359884731253
187	-12.213214364124497
188	-12.79390846743356
189	-12.702647457814344
190	-11.303672568147785
191	-11.248880200584576
192	-11.855735013911229
193	-11.799491413584022
194	-10.608330675146362
195	-10.549165235761565
196	-13.09146662616288
197	-13.011002285366699
198	-11.293494000412313
199	-11.233231164785234
200	-11.218004320114874
201	-11.16344698029918
202	-11.4875269933635
203	-11.412478366851992
204	-13.389210413820715
205	-13.29955551947674
206	-12.632972096476012
207	-12.547872440930176
208	-13.260880871651437
209	-13.164637615074225
210	-11.711503383423183
211	-11.63091315407767
212	-11.898267884545351
213	-11.832358549182441
214	-11.874851806400615
215	-11.817142998292624
216	-9.417509794623042
217	-9.36718089718949
218	-10.904407400830106
219	-10.842842442788445
220	-11.59843389270881
221	-11.520224365393295
222	-12.658978834337105
223	-12.558568563801472
224	-12.971581715896193
225	-12.865204548186016
226	-12.706608629024318
227	-12.631522995621463
228	-12.632443575946978
229	-12.554140945941272
230	-12.442684968330157
231	-12.340617152695666
232	-13.075544845884432
233	-12.96652184874061
234	-12.441328092225572
235	-12.37811244114974
236	-11.911033334511314
237	-11.819065959698829
238	-12.373655953733383
239	-12.300183274231742
240	-12.790232616208804
241	-12.709349136984907
242	-11.407017003325581
243	-11.308626947155402
244	-11.32864256589243
245	-11.2490029568991
246	-12.164900161882516
247	-12.080597232475762
248	-14.104930954764507
249	-14.027037117676048
250	-12.18555135376309
251	-12.071005442089799
252	-12.454449749877952
253	-12.381736837873794
254	-12.043292864535431
255	-11.956770389803912
256	-12.932494564169035
257	-12.847383088173785
258	-13.344280625321481
259	-13.26959126361751
260	-12.53656754229587
261	-12.463075875116076
262	-12.830084190311686
263	-12.765801716471309
264	-11.622401532377053
265	-11.56954846065352
266	-13.028133721901067
267	-12.958114774368223
268	-12.829308743161445
269	-12.762997425774316
270	-13.102540742282706
271	-13.04089110653331
272	-12.180806971346602
273	-12.075975587614312
274	-12.575220544477265
275	-12.50172719701845
276	-13.913008356294586
277	-13.829455828750522
278	-11.742503974222885
279	-11.675834104775788
280	-12.98181415899581
281	-12.914721138188494
282	-12.52766426790804
283	-12.473299410573578
284	-11.88689316795352
285	-11.830932159791356
286	-11.95859865085179
287	-11.882081931971166
288	-11.785509903323526
289	-11.70871946620734
290	-12.979852212308439
291	-12.895635336962922
292	-12.179803963947482
293	-12.114198685051099
294	-13.139511717443083
295	-13.039843192229034
296	-12.86963703474252
297	-12.7973998683579
298	-12.797279275131993
299	-12.712409378699494
300	-12.872366660860164
301	-12.790311291343567
302	-11.995414758781797
303	-11.920440945939868
304	-12.53843097647796
305	-12.447647167616761
306	-12.441561888018702
307	-12.352291023207172
308	-12.10850212649244
309	-12.052142279742892
310	-11.546816594954072
311	-11.477237725082633
312	-13.104129354599538
313	-13.010787404353048
314	-14.156233009355573
315	-14.079730378520244
316	-13.476952627108194
317	-13.35055479156781
318	-13.029743521628827
319	-12.921046163263513
320	-12.288195823752012
321	-12.202605155990021
322	-11.645552981794664
323	-11.577985215729218
324	-13.48201587714253
325	-13.382938237515091
326	-12.536953090541852
327	-12.455540893597005
328	-12.222189660436447
329	-12.159637222221214
330	-12.180201253273827
331	-12.121736933666991
332	-12.623240773866037
333	-12.537733501430116
334	-11.598489571408903
335	-11.52266513466012
336	-14.403733668657853
337	-14.284806426877438
338	-11.199814774095534
339	-11.141090626571664
340	-12.343973970587399
341	-12.236732169561547
342	-12.479268935286152
343	-12.422210428951624
344	-12.090387417365475
345	-12.020664635145481
346	-12.335041058055301
347	-12.27355219644402
348	-13.59161414378075
349	-13.483631765947983
350	-10.566617127744424
351	-10.499952962194037
352	-13.675024971003324
353	-13.564003138425802
354	-12.026054913331489
355	-11.957479543435673
356	-11.693912552718164
357	-11.627158128507823
358	-12.124629396945366
359	-12.056494686634128
360	-13.701264802742884
361	-13.613090358675237
362	-13.807032625140183
363	-13.71428339661679
364	-13.337801499997962
365	-13.279068010285252
366	-12.53446101237928
367	-12.473382566594339
368	-13.397928839052604
369	-13.309733244472518
370	-13.322087918332029
371	-13.258521338685009
372	-13.94336990093198
373	-13.851537255654787
374	-12.991520296998276
375	-12.920442736443619
376	-12.253953317487685
377	-12.146539312130301
378	-13.261723897975678
379	-13.174210441073722
380	-12.42859682389975
381	-12.358095884557697
382	-12.553694600351491
383	-12.466898614035145
384	-13.089153496376554
385	-13.01331721182699
386	-11.845074783655168
387	-11.756979560091306
388	-13.114731543878863
389	-13.030898453408529
390	-12.140654522215899
391	-12.031885467675638
392	-14.181681010886358
393	-14.096881141859136
394	-12.418173870235703
395	-12.336936168288053
396	-13.483445475314406
397	-13.392563232888149
398	-12.508220555642781
399	-12.438506205430347
400	-12.950313868271708
401	-12.877247521495107
402	-12.780862204314401
403	-12.723262783125392
404	-13.280989853238987
405	-13.20474722854809
406	-12.847083207373313
407	-12.759044529105406
408	-13.150907248875285
409	-13.07407897428688
410	-13.101565414897795
411	-13.010183316537987
412	-13.955170146091177
413	-13.862051990234095
414	-13.01446683529544
415	-12.938488356298997
416	-12.992883492354359
417	-12.90878259464282
418	-11.971326195092601
419	-11.915679082647314
420	-12.813073934348557
421	-12.750599963688616
422	-12.515463145867699
423	-12.454586461294275
424	-12.112973130197545
425	-12.059065557314227
426	-13.209560421814807
427	-13.134441482107666
428	-13.88987518791614
429	-13.821220867233437
430	-12.701759120268271
431	-12.635210594413127
432	-12.63697130508065
433	-12.557052459894129
434	-11.958942215383217
435	-11.867930724805579
436	-11.950716906289456
437	-11.862683600006234
438	-11.99158189685406
439	-11.918048376862224
440	-12.126526956767343
441	-12.04237501644688
442	-12.379034198474208
443	-12.287155160592945
444	-13.848595108461678
445	-13.774375133473182
446	-11.157470739629597
447	-11.089120216544067
448	-13.510920839001017
449	-13.442729719236382
450	-13.803742986290498
451	-13.713969753395645
452	-12.53991765675942
453	-12.474372659317567
454	-12.57958445750083
455	-12.477760839948154
456	-13.172747701437306
457	-13.106527498594923
458	-13.574995657034984
459	-13.49940023673381
460	-12.136865345797641
461	-12.072940870841956
462	-12.182310891167194
463	-12.13029622870759
464	-14.05906769909808
465	-13.970745699942237
466	-13.70750204137808
467	-13.593846122230259
468	-12.636650003240245
469	-12.560007523591294
470	-12.184199297882998
471	-12.115068531231909
472	-13.852432351283085
473	-13.738968816103919
474	-12.288254246797633
475	-12.188197694012763
476	-12.308232627873986
477	-12.250025916160972
478	-12.380997717225558
479	-12.311842221721289
480	-10.988598224058727
481	-10.935435846007849
482	-12.471882660037405
483	-12.39597291024974
484	-12.801756594532565
485	-12.713555152905542
486	-12.749290788287672
487	-12.673487852400582
488	-14.942095748729637
489	-14.833194640945921
490	-12.446464153817576
491	-12.373207216515352
492	-13.608463166887152
493	-13.541632388906104
494	-12.589086815807272
495	-12.491400833018487
496	-12.9092169281701
497	-12.830022992643585
498	-13.067584092214146
499	-12.986184207580754
500	-12.971060308883732
501	-12.890890348055068
502	-13.432697762232626
503	-13.363455305379608
504	-12.273079807984336
505	-12.206102396394382
506	-13.135646154549109
507	-13.068142489599136
508	-13.193466108211542
509	-13.09864667121522
510	-11.286513860023652
511	-11.197007799028336
512	-11.725325065704041
513	-11.626871563187171
514	-13.435870176492527
515	-13.37299076660315
516	-14.07100800520762
517	-13.941439968563396
518	-12.977170518795996
519	-12.883169252563471
520	-13.014263841165628
521	-12.959293512495703
522	-13.6846254746703
523	-13.584206856227484
524	-11.606241250431331
525	-11.520704292213136
526	-13.221815015469131
527	-13.13774928540436
528	-12.504388935716806
529	-12.439703033334922
530	-14.362193286809138
531	-14.28648163560242
532	-11.83304610885566
533	-11.768495283485494
534	-11.700720987481947
535	-11.62124053221364
536	-13.293683021200618
537	-13.228448039827283
538	-13.267772737911724
539	-13.189907657396976
540	-13.128532195976607
541	-13.012084725925472
542	-13.7669766061942
543	-13.670619025876679
544	-13.729515489819454
545	-13.656236722989213
546	-12.835640695170556
547	-12.773944527482481
548	-12.999766551749547
549	-12.912291855676562
550	-13.895245306877246
551	-13.80892880589691
552	-14.040891654824481
553	-13.952722745201704
554	-12.412604145283197
555	-12.3274489463045
556	-13.365043134150946
557	-13.285217979092291
558	-12.691529053645818
559	-12.62962145948808
560	-13.273411411486544
561	-13.197660679438863
562	-13.400953214032675
563	-13.323870893226283
564	-12.64237834112356
565	-12.551330388386132
566	-12.145425655471039
567	-12.050147802327084
568	-15.172011000310368
569	-15.101928658983192
570	-12.512642912889197
571	-12.397768824317227
572	-13.883390255335563
573	-13.806662924975866
574	-13.945214337515079
575	-13.863800466335242
576	-12.006703695544891
577	-11.923955304511166
578	-13.664436768564105
579	-13.566101351903715
580	-12.259742679193774
581	-12.200628425721463
582	-12.866940423386188
583	-12.775271546056722
584	-12.296608817513263
585	-12.211012241122466
586	-13.395487131096987
587	-13.296824466468115
588	-14.174587350395026
589	-14.079797511983037
590	-13.927697688912978
591	-13.85018213403091
592	-13.39727598704142
593	-13.311273990337943
594	-11.556851555747569
595	-11.489698627534674
596	-13.838226774062168
597	-13.725728824087582
598	-12.730086184726561
599	-12.621782546295403
600	-13.206972893185903
601	-13.158336177211464
602	-12.796174932591198
603	-12.691159748962878
604	-13.242060387676537
605	-13.16415650016469
606	-12.198257895556921
607	-12.12773500561918
608	-11.85662624719966
609	-11.786939827861715
610	-13.239161597981038
611	-13.183316027248438
612	-13.714528746198457
613	-13.641673120728804
614	-12.88890323433783
615	-12.756315136057488
616	-14.400534027214428
617	-14.326158558263481
618	-12.166140298205537
619	-12.091023736755774
620	-13.826828664911352
621	-13.68559427121509
622	-12.502755200092386
623	-12.424845676960102
624	-13.184101176356847
625	-13.084719132599357
626	-12.461032761607735
627	-12.379117935956305
628	-13.450297417412726
629	-13.330250725930672
630	-12.676919875924943
631	-12.584353533023002
632	-13.588186112359963
633	-13.495295150010463
634	-12.025156460331575
635	-11.951294073556594
636	-11.357431622965915
637	-11.283861278822398
638	-12.658803228236357
639	-12.551658345756863
640	-14.085496574965532
641	-14.009559081125092
642	-12.854587720862353
643	-12.764132880625272
644	-11.369319519074887
645	-11.260473006357655
646	-11.900383170466485
647	-11.819784061754522
648	-10.444810551595042
649	-10.360544889143414
650	-13.465445893101391
651	-13.380311513366212
652	-12.480106163316496
653	-12.393173493947458
654	-13.00475756826359
655	-12.923960879919829
656	-12.687816077904785
657	-12.605758460195084
658	-13.448208853654062
659	-13.390714922424964
660	-12.794333838450669
661	-12.713401293380397
662	-11.919288572965604
663	-11.869168371463632
664	-12.979840117294557
665	-12.913503810515097
666	-11.416070176987247
667	-11.320226053241182
668	-11.380473111540866
669	-11.312648442577322
670	-12.62391422968878
671	-12.5518219525363
672	-13.712918552889262
673	-13.610752047480451
674	-14.533484011405601
675	-14.443821027601853
676	-11.610595767463648
677	-11.538365052904103
678	-13.367599132820365
679	-13.280407912271821
680	-14.093474063509897
681	-13.98476166566543
682	-13.760340211891956
683	-13.661164605736774
684	-13.317415606277436
685	-13.228422946946273
686	-13.597872329821639
687	-13.488622084117921
688	-11.998586460356695
689	-11.890698020652213
690	-13.626683665690708
691	-13.551116554915925
692	-13.641118073991834
693	-13.565739815050353
694	-12.813409695642015
695	-12.737561394575492
696	-12.857160730239997
697	-12.779843489023486
698	-13.460259162628986
699	-13.366551588001094
700	-13.566314695832093
701	-13.473524439915911
702	-13.099642020406284
703	-12.961354138840917
704	-13.030424214838561
705	-12.96123713335691
706	-13.24253177451332
707	-13.142156082832665
708	-13.053726176698886
709	-12.971228940977454
710	-12.756306119394454
711	-12.659800596240203
712	-13.140284586630273
713	-13.054410529795991
714	-12.896793810449408
715	-12.817065074051218
716	-12.729796400878705
717	-12.62126621818906
718	-13.677980492317907
719	-13.577878769901986
720	-13.56394745734987
721	-13.510164108625016
722	-13.111377542167036
723	-13.045001553847385
724	-13.057354016987807
725	-12.979532833742367
726	-12.746166398146423
727	-12.638229430936102
728	-14.332592599750203
729	-14.25095566863597
730	-12.734748947298067
731	-12.641577738442242
732	-12.144930556792806
733	-12.064280836554813
734	-12.357641444814119
735	-12.279227414921875
736	-13.37265080643831
737	-13.290558728451552
738	-11.555960236573073
739	-11.484101815659308
740	-12.365688837335867
741	-12.27438198576283
742	-13.721624475936185
743	-13.625222631533333
744	-13.284538362891137
745	-13.205247236637398
746	-12.95190953236457
747	-12.88185651200265
748	-12.627433620424839
749	-12.538081826658276
750	-13.844791027198909
751	-13.759619131066513
752	-13.509224220286757
753	-13.416526590353175
754	-14.292128363493116
755	-14.180370484071497
756	-14.639468699947358
757	-14.517305039684796
758	-11.16954075345434
759	-11.091594778116027
760	-14.259216624654268
761	-14.169403815399063
762	-12.819323346046192
763	-12.76151028823106
764	-12.357103929550822
765	-12.263981939282232
766	-12.929870400852385
767	-12.86127711436363
768	-12.048961561972254
769	-11.983803327716762
770	-14.377016195258726
771	-14.304052213815607
772	-13.006542811992912
773	-12.926632464170048
774	-12.762714694366744
775	-12.65187218247279
776	-12.403831756620628
777	-12.32564120613726
778	-12.933392433845905
779	-12.864754223341501
780	-13.828156786545282
781	-13.748093450423001
782	-13.371645133099724
783	-13.294319957246563
784	-12.093702129601514
785	-12.021803251968402
786	-13.352147095168823
787	-13.246883873731655
788	-12.77300107007378
789	-12.69908389114478
790	-11.971038933847261
791	-11.844824186627157
792	-13.189243398782212
793	-13.10336025037967
794	-12.466004641987404
795	-12.399480956592296
796	-13.140310504776672
797	-13.044414636695493
798	-13.24304436431098
799	-13.162909936781926
800	-12.655233426922443
801	-12.579329821234179
802	-13.886789793181094
803	-13.821269160514197
804	-12.56650784998109
805	-12.474091218528379
806	-12.428338124246327
807	-12.324458071804363
808	-13.054208721439275
809	-12.972027877498151
810	-12.793675909727675
811	-12.725471347119113
812	-13.389870183071793
813	-13.318284576192067
814	-12.345296267312504
815	-12.282067512467393
816	-11.52834348922846
817	-11.467081068192476
818	-12.055105612583228
819	-11.987657344041875
820	-12.969897518570283
821	-12.865008702926877
822	-11.625625420835457
823	-11.532030839315667
824	-14.093280873534185
825	-14.000942386467184
826	-12.295384786470272
827	-12.240867746110366
828	-12.993785406651941
829	-12.92168733948887
830	-12.05823597026859
831	-11.995255109525177
832	-13.585045069177477
833	-13.471269042545996
834	-13.301961803054041
835	-13.235456152626421
836	-13.175802401963095
837	-13.083602002282204
838	-12.477188793172235
839	-12.409120563240862
840	-12.281885145865985
841	-12.218111392166676
842	-12.687764583614378
843	-12.630783036733108
844	-13.580160739751804
845	-13.485685101783513
846	-11.489703307902348
847	-11.439535963123852
848	-12.930389482074107
849	-12.87941058019285
850	-12.598959143615208
851	-12.515945921854023
852	-12.679215107630041
853	-12.592902690853396
854	-12.764784634704675
855	-12.702338879802618
856	-13.904846208059073
857	-13.8088222469727
858	-13.102673377953938
859	-12.980232876047841
860	-12.365895659483003
861	-12.274249200687619
862	-11.1156052631359
863	-11.037943378383495
864	-13.648932343025917
865	-13.569268403015458
866	-13.040148042423652
867	-12.962300251407244
868	-13.090198238057566
869	-13.001074444956242
870	-12.770711342562857
871	-12.692993185348461
872	-11.98486832518832
873	-11.91731311649584
874	-12.9807345203634
875	-12.90520471500191
876	-11.339625264213273
877	-11.237569922310495
878	-12.532389929036029
879	-12.465022860152715
880	-14.03620338314345
881	-13.925491710195677
882	-12.746207963666725
883	-12.69296475096126
884	-13.953592470513417
885	-13.884366556330349
886	-14.014354262171658
887	-13.951788638999538
888	-13.485975260700128
889	-13.385444358985646
890	-12.64807341739807
891	-12.558840497589545
892	-12.379843754088439
893	-12.324771107512024
894	-14.269504621112526
895	-14.208874068117005
896	-12.097584944095518
897	-12.007817808803368
898	-12.480099844433342
899	-12.403615301190191
900	-13.554475943709543
901	-13.493589639990198
902	-12.980686557829365
903	-12.892818949459826
904	-11.402650323341371
905	-11.338043894527306
906	-12.853477524923969
907	-12.77260634633126
908	-13.335572854136744
909	-13.253203832064905
910	-12.213788164212554
911	-12.141110452681033
912	-14.323706121532252
913	-14.1937378136762
914	-13.179561036581177
915	-13.115240582022757
916	-11.964642117665052
917	-11.896244007815046
918	-12.07804018276333
919	-11.997617384628986
920	-12.654345881120642
921	-12.548650552305897
922	-13.35618696605496
923	-13.282081976629453
924	-12.741763101210383
925	-12.657046856125717
926	-12.353326016501866
927	-12.284212962694651
928	-13.273544846198092
929	-13.20974496622216
930	-13.074561145643495
931	-13.001252446080391
932	-13.897119817765791
933	-13.805046330823732
934	-11.86191482094815
935	-11.79440797460118
936	-12.409211457654166
937	-12.306229464904263
938	-11.984293364796782
939	-11.924002416944905
940	-14.786171540558662
941	-14.718446883886502
942	-12.915330620149478
943	-12.84014397068018
944	-11.56070594430828
945	-11.48425605150427
946	-13.527418003780001
947	-13.42882704707932
948	-12.160960463060958
949	-12.036831870747463
950	-11.562192846529033
951	-11.47554345182045
952	-12.06594842027962
953	-11.986546469134257
954	-13.763963754257635
955	-13.685528212152834
956	-11.563644394488627
957	-11.493563905658798
958	-12.060499900684428
959	-11.996365895453707
960	-12.810444266439484
961	-12.727523494521861
962	-13.332231666991774
963	-13.244225253158316
964	-12.921749901246999
965	-12.833727236850503
966	-11.65492243582242
967	-11.58130952030047
968	-12.7884914502675
969	-12.709525748000054
970	-13.933236425641027
971	-13.85190136846941
972	-10.890536094931722
973	-10.825267746583192
974	-12.003380334231068
975	-11.900813442320164
976	-11.95448988493321
977	-11.853056348630655
978	-12.242274086559272
979	-12.177247240210663
980	-12.673993106132684
981	-12.611019682050506
982	-13.735899385752816
983	-13.649836833735085
984	-12.384868662993338
985	-12.307510938567036
986	-12.924850183986118
987	-12.833250641539118
988	-12.24300634301007
989	-12.159160256019934
990	-12.891772739040363
991	-12.81559588255718
992	-12.292629126795333
993	-12.235082674439887
994	-12.744553360098141
995	-12.677489836099603
996	-13.00845328074711
997	-12.930705329451785
998	-11.999918442640109
999	-11.934776426403612
1000	-14.320663125861495
1001	-14.24017010078131
1002	-12.257452773902447
1003	-12.180783319774244
1004	-14.105648450620848
1005	-14.024861856554429
1006	-11.954917444111677
1007	-11.886701559466083
1008	-12.625536985350928
1009	-12.565900831075368
1010	-12.660551565674508
1011	-12.5782395233988
1012	-11.979716240738323
1013	-11.904668744982594
1014	-11.436526057039632
1015	-11.365305464522983
1016	-12.559490914635662
1017	-12.47777215807937
1018	-14.809690254573443
1019	-14.696008214670972
1020	-12.391293490922875
1021	-12.285584748138985
1022	-14.105803055443705
1023	-14.04769869201587
1024	-13.697227985403295
1025	-13.646673091413982
1026	-12.47206235144225
1027	-12.397716846393452
1028	-12.791131267877239
1029	-12.701901128566492
1030	-11.8878941321095
1031	-11.789232354656942
1032	-13.751381911442403
1033	-13.676121756038272
1034	-14.440975807832233
1035	-14.366991147531866
1036	-14.05593674962568
1037	-13.94493495295962
1038	-13.747807596146783
1039	-13.657652669264044
1040	-12.984074069884716
1041	-12.921586209560175
1042	-12.730253952722174
1043	-12.650175987509824
1044	-13.900596682922703
1045	-13.803738401592428
1046	-12.240015483846856
1047	-12.160781050951371
1048	-12.895018966105589
1049	-12.839938006095892
1050	-12.836071456743976
1051	-12.74208112379974
1052	-12.58999785440515
1053	-12.503985589524735
1054	-13.114284930119092
1055	-13.042712074634533
1056	-13.923591583863198
1057	-13.841246751376673
1058	-11.80641311526227
1059	-11.667489404066407
1060	-12.807180914816303
1061	-12.733805038544574
1062	-12.961986206367797
1063	-12.88724361519067
1064	-14.949154629429263
1065	-14.825484115278202
1066	-12.261947404486007
1067	-12.154618186873645
1068	-14.177910247788407
1069	-14.083606850989211
1070	-12.757450684883453
1071	-12.690866187367266
1072	-11.778436388289963
1073	-11.702987158286389
1074	-11.343460058104274
1075	-11.2831135769456
1076	-11.9233333376492
1077	-11.84686558472044
1078	-11.797873927431242
1079	-11.724487725714281
1080	-14.69024765791414
1081	-14.633559571141275
1082	-11.881109495907618
1083	-11.787440497274227
1084	-13.847756523522342
1085	-13.777762254067346
1086	-13.007901056484823
1087	-12.917622885484544
1088	-12.170601011031831
1089	-12.11030341477904
1090	-12.775391334500505
1091	-12.700576146984451
1092	-11.926689876323296
1093	-11.862547247403384
1094	-12.198430143877829
1095	-12.103319976793685
1096	-12.697635560090134
1097	-12.607827545398127
1098	-14.485439610981624
1099	-14.40479524571411
1100	-14.701177059627087
1101	-14.594027520139115
1102	-14.226341430618495
1103	-14.149262879211848
1104	-12.358284702763177
1105	-12.287733099889735
1106	-12.433724642636074
1107	-12.36359492787474
1108	-13.113370625826462
1109	-13.015348993103757
1110	-13.689588500905497
1111	-13.592994400200382
1112	-12.390585666219422
1113	-12.321978149364243
1114	-12.688508650587888
1115	-12.620626456070239
1116	-13.059468124710301
1117	-12.959650745101358
1118	-13.359236542743767
1119	-13.283413897372252
1120	-13.515168339799427
1121	-13.450329053563351
1122	-13.732545649518563
1123	-13.614540338067863
1124	-13.41957538556188
1125	-13.341082522501308
1126	-13.876147298583705
1127	-13.799444166547055
1128	-13.820699409196639
1129	-13.715666925411824
1130	-13.552142375183548
1131	-13.476382464783926
1132	-13.651715271183392
1133	-13.563572393220925
1134	-13.279519268971656
1135	-13.217602796463373
1136	-10.879213489934521
1137	-10.817962784598933
1138	-14.400797059457537
1139	-14.316034869431082
1140	-12.289521289417857
1141	-12.182435912677809
1142	-11.648912312269609
1143	-11.558958551533463
1144	-12.783206447349121
1145	-12.712923106057351
1146	-12.444206642243156
1147	-12.363261677948636
1148	-12.037980784668875
1149	-11.965789511560882
1150	-12.662712071751873
1151	-12.617020306576194
1152	-13.196058865295932
1153	-13.144875075835182
1154	-12.594203795250635
1155	-12.52894705407226
1156	-14.78373792344941
1157	-14.710799498731161
1158	-12.353690284958915
1159	-12.288843028065301
1160	-13.579310412804626
1161	-13.521360196499458
1162	-11.978877158921417
1163	-11.908117238693443
1164	-13.2149941642145
1165	-13.156809681078883
1166	-14.605117816667635
1167	-14.51766051831235
1168	-12.29658317595859
1169	-12.21482415291075
1170	-12.762081537569598
1171	-12.68769757862087
1172	-11.592154866616017
1173	-11.505599481158791
1174	-10.536090561328793
1175	-10.47246279945296
1176	-13.5447404858595
1177	-13.476483502393092
1178	-13.281710414662967
1179	-13.20846617307129
1180	-14.046374509964405
1181	-13.947958162756661
1182	-13.705027362051485
1183	-13.63435929428204
1184	-12.824161610845632
1185	-12.72855454288065
1186	-12.820441796123902
1187	-12.72948576117021
1188	-13.52200034727896
1189	-13.441112785461929
1190	-13.934852033887609
1191	-13.839960379966165
1192	-12.21669766695409
1193	-12.128406676580017
1194	-13.519083341915989
1195	-13.412900801873418
1196	-12.83003674786992
1197	-12.78881331818233
1198	-12.997186509209254
1199	-12.899819533027744
1200	-11.44093365057973
1201	-11.36218263756675
1202	-13.830691284452564
1203	-13.757808243977337
1204	-12.717205051471257
1205	-12.660327200722346
1206	-13.095207757770838
1207	-12.99671092416364
1208	-13.052956613465222
1209	-12.953504436430421
1210	-12.691293049889083
1211	-12.6254467354053
1212	-12.957859854264353
1213	-12.89535083367276
1214	-13.14782462683309
1215	-13.075779754285207
1216	-12.127908181706443
1217	-12.069782538460496
1218	-12.76906275730605
1219	-12.700269170510557
1220	-13.242263999916373
1221	-13.171752323671729
1222	-12.768672239174618
1223	-12.64171923907636
1224	-12.597974192384052
1225	-12.48670333338005
1226	-12.410996872928088
1227	-12.354048244365641
1228	-11.671602859644013
1229	-11.60020584269514
1230	-12.358119367921393
1231	-12.280269866609883
1232	-12.773163475520137
1233	-12.677834448456094
1234	-13.983281265652067
1235	-13.886092266100846
1236	-13.359447729808588
1237	-13.253354950600647
1238	-11.714652729502685
1239	-11.640001966145865
1240	-11.76302636046317
1241	-11.70346662581835
1242	-12.430376471098374
1243	-12.362975576996604
1244	-13.684008540854691
1245	-13.61086464973419
1246	-12.550296761766546
1247	-12.492563951172214
1248	-11.620353946021057
1249	-11.523168217320018
1250	-12.604980241375156
1251	-12.530891005698807
1252	-13.442744097094659
1253	-13.378412618328653
1254	-13.186453073595722
1255	-13.127097319598072
1256	-12.710069187732465
1257	-12.595066344064046
1258	-12.565406569873817
1259	-12.506703723663286
1260	-14.12510117160724
1261	-14.005344166634147
1262	-12.842916654308572
1263	-12.771076825333969
1264	-12.717720497194373
1265	-12.652666089060306
1266	-12.225340495751
1267	-12.162049576282575
1268	-12.976670303913155
1269	-12.885909313574428
1270	-13.249937426077727
1271	-13.17560347270666
1272	-11.878579351391235
1273	-11.764044739515173
1274	-12.163091829715079
1275	-12.080634436691568
1276	-12.734688850989935
1277	-12.661742998030078
1278	-13.346865281179541
1279	-13.259238119492409
1280	-12.708113078177657
1281	-12.643738650255717
1282	-12.231414489557324
1283	-12.157501894047755
1284	-13.041736904485152
1285	-12.991764495756563
1286	-12.668432726947547
1287	-12.610952164615004
1288	-13.827654317698336
1289	-13.734358230547185
1290	-11.878662187456532
1291	-11.817593673284277
1292	-13.340343842222573
1293	-13.276555542741002
1294	-12.519084932358355
1295	-12.418708689924543
1296	-12.388457183843762
1297	-12.324885175094973
1298	-12.505783632481997
1299	-12.40703540228223
1300	-12.775800003090305
1301	-12.702704600597519
1302	-12.800994550741846
1303	-12.716152136132955
1304	-12.560492302136504
1305	-12.489700973838696
1306	-12.538119715945625
1307	-12.438000277938693
1308	-13.31960139508608
1309	-13.224304873615852
1310	-13.695323759558596
1311	-13.601737300872271
1312	-12.479774819707956
1313	-12.39120864624288
1314	-14.025232285577712
1315	-13.928268757307837
1316	-12.793345347842134
1317	-12.723195813135703
1318	-13.450479398119016
1319	-13.371925729983227
1320	-12.094487303920003
1321	-12.02171016483807
1322	-12.781370740619579
1323	-12.720640871686408
1324	-13.375774089540492
1325	-13.26242681338677
1326	-12.698250540042824
1327	-12.609007647046672
1328	-12.858178204179126
1329	-12.789585515364827
1330	-13.59935937439774
1331	-13.494234802200268
1332	-12.872039677303675
1333	-12.77460900859383
1334	-11.994469973029641
1335	-11.919302866260871
1336	-12.106709099690306
1337	-12.000115227852023
1338	-12.982143498260184
1339	-12.928671190168977
1340	-13.522151280284186
1341	-13.428914459271551
1342	-12.971721947282882
1343	-12.87701652274734
1344	-12.641371603275893
1345	-12.571459679761404
1346	-14.23280643897144
1347	-14.138493486496971
1348	-12.981386948681019
1349	-12.919387055246585
1350	-12.405930440297762
1351	-12.344902421143985
1352	-12.366304448215901
1353	-12.303987820768612
1354	-13.160154515022034
1355	-13.062944472771465
1356	-12.089380139365744
1357	-12.007401629675458
1358	-12.658321427377308
1359	-12.549598284881904
1360	-12.755424545204981
1361	-12.66788734187209
1362	-12.78028989456209
1363	-12.688858507168796
1364	-11.749706274406742
1365	-11.68771070335035
1366	-12.946672818906569
1367	-12.853694506321816
1368	-13.449105409739785
1369	-13.362828993266529
1370	-14.075031368092855
1371	-13.976790088408482
1372	-13.088383863693153
1373	-13.000114879315186
1374	-11.457068923141902
1375	-11.36401546714669
1376	-13.44735733620422
1377	-13.37935342836069
1378	-12.496302623927159
1379	-12.388442505674563
1380	-12.541692200810584
1381	-12.478622051504058
1382	-13.172755900442226
1383	-13.065838138606054
1384	-12.449110731494766
1385	-12.412192382468415
1386	-12.762827209346861
1387	-12.68757500815721
1388	-11.824789970064684
1389	-11.76156766258489
1390	-11.988582430588199
1391	-11.931045843872479
1392	-12.603407752609925
1393	-12.537241323961647
1394	-12.467413321305035
1395	-12.368223540745822
1396	-14.13507810868367
1397	-14.025646836978659
1398	-14.078212022589872
1399	-13.956920689526312
1400	-14.718526305591213
1401	-14.61282735277977
1402	-12.935964513848413
1403	-12.85897338975961
1404	-12.203928962849334
1405	-12.121411182327886
1406	-13.785557532117236
1407	-13.666311439591702
1408	-13.30389002426371
1409	-13.214244793977365
1410	-12.526818420608352
1411	-12.473176557170534
1412	-12.69840396808543
1413	-12.620876861428671
1414	-13.603786964644458
1415	-13.529822077049973
1416	-12.620647731814241
1417	-12.549102229511496
1418	-13.136595165447227
1419	-13.036261085154258
1420	-12.732481094810291
1421	-12.629933230210872
1422	-12.6291181261568
1423	-12.542234300012192
1424	-12.274455386600621
1425	-12.191999539430872
1426	-12.87865763196304
1427	-12.78134860771955
1428	-12.831963694873128
1429	-12.736130100765699
1430	-12.012708394434926
1431	-11.950457888803358
1432	-11.714416923352625
1433	-11.642714705263826
1434	-12.21946929371036
1435	-12.147560301322688
1436	-11.629091042135844
1437	-11.548063219277944
1438	-12.942459746164436
1439	-12.861226848489899
1440	-13.770408923829041
1441	-13.658698458157772
1442	-12.761451789190815
1443	-12.674493628906262
1444	-12.815645291591405
1445	-12.741480163980851
1446	-12.430642794366983
1447	-12.336344041714426
1448	-13.3580684210541
1449	-13.262557843428192
1450	-13.394881791736836
1451	-13.290593061306177
1452	-14.278750508953236
1453	-14.20966520104682
1454	-15.088834973591435
1455	-15.000191454063067
1456	-13.63337523803881
1457	-13.552916277465622
1458	-12.136328497292695
1459	-12.051095362439053
1460	-12.092375168225752
1461	-12.025200081187082
1462	-14.078125607948612
1463	-13.993469480778813
1464	-13.02819631598556
1465	-12.926973228284417
1466	-14.402227799303105
1467	-14.294796924456666
1468	-14.214161197982282
1469	-14.129732681465779
1470	-11.741394863137456
1471	-11.65004176443363
1472	-13.027146511752745
1473	-12.932348270968719
1474	-13.697432358755018
1475	-13.605656375186248
1476	-13.054624340833044
1477	-12.99067048186235
1478	-11.722924684848058
1479	-11.665938541507257
1480	-12.211454888119375
1481	-12.136897196627224
1482	-12.169214514639016
1483	-12.099822529141816
1484	-13.500486135456462
1485	-13.420783498128625
1486	-12.874488602167363
1487	-12.784520944785893
1488	-12.1057017219179
1489	-12.024227617148417
1490	-12.878039322515958
1491	-12.804406426533324
1492	-13.731808408639921
1493	-13.630906329539512
1494	-13.361030958598503
1495	-13.278695017990401
1496	-12.940326349784918
1497	-12.862607477619736
1498	-12.739877733227576
1499	-12.651047389524017
1500	-13.89919747824489
1501	-13.805927163694648
1502	-14.32552900870789
1503	-14.237286096682269
1504	-11.391556562156156
1505	-11.333616408806602
1506	-12.06556694212732
1507	-11.98851884875465
1508	-12.384871208317854
1509	-12.287581432056033
1510	-10.671046893931688
1511	-10.608885885732398
1512	-12.73075354621641
1513	-12.65831885653126
1514	-12.844707179763457
1515	-12.774611659068498
1516	-13.037904335173469
1517	-12.967597527325317
1518	-13.45603319309322
1519	-13.349825821024142
1520	-12.724455387287087
1521	-12.661694768268918
1522	-13.662845803580394
1523	-13.578312932963044
1524	-12.004552398179731
1525	-11.942282974444238
1526	-13.274749756322677
1527	-13.200867753105257
1528	-11.821884237571007
1529	-11.734815288509804
1530	-12.91720594556236
1531	-12.852812028069874
1532	-12.939788812959703
1533	-12.878872494527515
1534	-13.085329568817404
1535	-13.014695568445887
1536	-13.800732535814966
1537	-13.72168778141575
1538	-11.99183010028935
1539	-11.922203324246166
1540	-12.773125522723097
1541	-12.695092909716045
1542	-15.122730193048044
1543	-15.021724593434367
1544	-13.476440523578013
1545	-13.39667625302899
1546	-13.31609637946396
1547	-13.212934923255725
1548	-13.479756075666826
1549	-13.369673528878419
1550	-12.357431256238069
1551	-12.243488872041612
1552	-13.981601591458237
1553	-13.901949453062961
1554	-12.363621004614975
1555	-12.299908349312112
1556	-10.185696009972151
1557	-10.127426944347459
1558	-12.740223663477128
1559	-12.655857142310667
1560	-11.139392069343588
1561	-11.053941415613586
1562	-13.266571075284867
1563	-13.203492711488792
1564	-14.165759576181319
1565	-14.088572157724323
1566	-13.782752454267566
1567	-13.65210195267558
1568	-12.830575910549442
1569	-12.738927710684536
1570	-13.092387196253942
1571	-13.024183774062115
1572	-12.118951500322249
1573	-12.040322484687957
1574	-12.629319372188839
1575	-12.555470483708747
1576	-13.08617560468635
1577	-13.005873951197577
1578	-12.263865248365661
1579	-12.193584848296293
1580	-12.459331701112148
1581	-12.414186538674224
1582	-12.67293090783959
1583	-12.591595620170965
1584	-13.507162370507611
1585	-13.425141691290206
1586	-13.237349914538914
1587	-13.13227532614593
1588	-11.721734338157667
1589	-11.652306222641794
1590	-12.67829480269796
1591	-12.604779984507385
1592	-14.253891491609929
1593	-14.171275686496834
1594	-13.000065359586102
1595	-12.921608096831243
1596	-12.480433875609592
1597	-12.396761238720574
1598	-15.004104358817619
1599	-14.925440421310489
1600	-12.938330666239567
1601	-12.860099424353013
1602	-13.925804906137575
1603	-13.857628631664657
1604	-13.047197034259273
1605	-12.950282489882543
1606	-11.745465347484396
1607	-11.65574030116056
1608	-11.651749201210773
1609	-11.571941345736699
1610	-12.161477666920531
1611	-12.087814088197472
1612	-12.388361364985274
1613	-12.29271443786666
1614	-12.368433997758169
1615	-12.300377357663674
1616	-11.833706102037434
1617	-11.761693930554467
1618	-12.52931332204829
1619	-12.43676253683987
1620	-12.366995124588009
1621	-12.292031074177471
1622	-13.647927196061653
1623	-13.56282101555368
1624	-12.695738391257962
1625	-12.609398116858193
1626	-12.73860831788536
1627	-12.643305728622535
1628	-13.0188708727722
1629	-12.924350265218305
1630	-12.180138007491443
1631	-12.118875606309986
1632	-12.945123906122642
1633	-12.83514618403916
1634	-13.204360098550683
1635	-13.121169051287245
1636	-12.901605315963193
1637	-12.82007218474648
1638	-12.392649726341823
1639	-12.340937439306611
1640	-12.729139191556227
1641	-12.634960496748647
1642	-12.739735268118384
1643	-12.661986241926709
1644	-13.752016939880436
1645	-13.666446126108417
1646	-14.912081787806365
1647	-14.821862567389699
1648	-13.515460559942909
1649	-13.436779774381696
1650	-12.23357023375522
1651	-12.131561475715559
1652	-12.322466303183507
1653	-12.244099495776293
1654	-13.153937235091291
1655	-13.068188238338342
1656	-14.355233065959078
1657	-14.281916562043492
1658	-12.804276418171792
1659	-12.704888083308388
1660	-11.396488780224182
1661	-11.318193936811692
1662	-13.12722307215401
1663	-13.081937308622814
1664	-12.15286248242176
1665	-12.064610026258928
1666	-13.16649129632208
1667	-13.072736509754757
1668	-13.98308333907288
1669	-13.896349054953205
1670	-12.29517207293913
1671	-12.219929307916066
1672	-11.798027516277022
1673	-11.726369217928394
1674	-12.154732421987733
1675	-12.099666276100184
1676	-11.59305747821207
1677	-11.520640426416165
1678	-12.6131805228963
1679	-12.470684250082893
1680	-12.247440846222233
1681	-12.179410558749616
1682	-13.258943515355424
1683	-13.182439198442308
1684	-13.204447415763289
1685	-13.120396352714284
1686	-12.935318743929807
1687	-12.8517438275805
1688	-11.342783583939843
1689	-11.254307058502189
1690	-12.668113775848
1691	-12.600965451432508
1692	-11.727326515467254
1693	-11.662524068100723
1694	-12.571342509212311
1695	-12.50040701910939
1696	-13.626548122295622
1697	-13.530260501427458
1698	-13.359812850415251
1699	-13.261055496399992
1700	-14.725429356625526
1701	-14.633337117235708
1702	-13.546855362118297
1703	-13.47574608376842
1704	-13.208647245587219
1705	-13.124220257393509
1706	-13.178293974240795
1707	-13.119014673974771
1708	-12.66540495318027
1709	-12.580484156923612
1710	-13.446566231212442
1711	-13.364229485726113
1712	-13.711643151680356
1713	-13.605163430530565
1714	-13.58427827170502
1715	-13.490073062117377
1716	-13.476072674025252
1717	-13.379164383193583
1718	-12.38689587907888
1719	-12.307570885409714
1720	-14.335839536055254
1721	-14.270791934640448
1722	-14.21251040756993
1723	-14.124101482301324
1724	-13.275544703096433
1725	-13.176006862243673
1726	-11.63342947632949
1727	-11.569765485565696
1728	-11.515412334047417
1729	-11.41307106346826
1730	-11.433966242537181
1731	-11.35836708881674
1732	-13.380288600481654
1733	-13.29486943298603
1734	-15.594088156096712
1735	-15.510269814690844
1736	-12.926264260193925
1737	-12.850918337575605
1738	-12.260930495733461
1739	-12.18771459791127
1740	-12.506784759963969
1741	-12.447900618996243
1742	-13.832793934001888
1743	-13.679599610335528
1744	-13.47395931720869
1745	-13.412850139619813
1746	-12.543982844681548
1747	-12.443885059970059
1748	-12.930716473675982
1749	-12.791998443014847
1750	-13.383857750690455
1751	-13.320888406800577
1752	-13.4564869385852
1753	-13.384070134678565
1754	-13.269535470189584
1755	-13.186533662728648
1756	-12.545884449831364
1757	-12.478496729448752
1758	-13.621840143316021
1759	-13.528513770025047
1760	-13.057399563676857
1761	-12.978741658784003
1762	-13.108259797526964
1763	-13.002389057337998
1764	-13.4685656875546
1765	-13.35618878212877
1766	-13.254217628723524
1767	-13.19359964063144
1768	-12.33351981923365
1769	-12.242948545568384
1770	-12.609168613762767
1771	-12.528606319771237
1772	-13.334263791282249
1773	-13.271114387625435
1774	-12.127729989531474
1775	-12.02357552397169
1776	-11.258005243740698
1777	-11.198042631082078
1778	-13.780669494268231
1779	-13.69033793359885
1780	-11.562976207848685
1781	-11.484037863557166
1782	-12.852139779023828
1783	-12.757628751050827
1784	-12.83445173315959
1785	-12.763632995347967
1786	-13.890670217545376
1787	-13.792561050718755
1788	-12.463684431961886
1789	-12.372624084124725
1790	-11.900488765492925
1791	-11.805714561676607
1792	-12.65309386060925
1793	-12.57510374374715
1794	-11.548347564607411
1795	-11.478416896048296
1796	-13.055485693328226
1797	-12.987993751103689
1798	-12.800609905999288
1799	-12.750372217230227
1800	-14.295354285762638
1801	-14.186992329703076
1802	-12.360179546984973
1803	-12.28401011244911
1804	-12.359931485137505
1805	-12.262595433488425
1806	-12.083904964442594
1807	-11.998265730448857
1808	-13.18775935746184
1809	-13.084431679445387
1810	-12.842013801565866
1811	-12.744317702267901
1812	-12.3253040571293
1813	-12.239596914610576
1814	-14.13369140697699
1815	-14.062564250605513
1816	-13.58073861837871
1817	-13.508357133215489
1818	-12.57602234015179
1819	-12.48352015329609
1820	-12.171207242132175
1821	-12.089078979907349
1822	-12.63634091721945
1823	-12.574502785004887
1824	-12.58164636545193
1825	-12.500247220766154
1826	-13.605056020605556
1827	-13.52455830078392
1828	-12.926020233848217
1829	-12.827561622126803
1830	-13.52928793309359
1831	-13.43383058744883
1832	-13.694848894687478
1833	-13.602065701140694
1834	-13.22754203426558
1835	-13.164779058493568
1836	-12.520007311181308
1837	-12.431019900655834
1838	-13.234882559465223
1839	-13.143895171620285
1840	-13.482733538846423
1841	-13.375926870977473
1842	-12.588908766733597
1843	-12.523237925829207
1844	-11.886486689708681
1845	-11.798696560083302
1846	-14.20212646472486
1847	-14.101306883123284
1848	-12.360272178215963
1849	-12.289760175355571
1850	-14.026792844908073
1851	-13.923314486980196
1852	-13.400356805399335
1853	-13.293636375116524
1854	-13.789239300218563
1855	-13.7164988681068
1856	-13.423323998112354
1857	-13.368314331874767
1858	-14.098371171227638
1859	-14.014396457502647
1860	-13.493759032339495
1861	-13.405829081372536
1862	-13.226641192670327
1863	-13.144525744826135
1864	-13.226027683919522
1865	-13.11511861942838
1866	-13.713342956526025
1867	-13.609956403885521
1868	-13.411196041293845
1869	-13.318181506116517
1870	-13.498585248685158
1871	-13.396270293840212
1872	-12.112861425578798
1873	-12.018659569949012
1874	-10.856989933396381
1875	-10.778697293348941
1876	-13.867203742071014
1877	-13.762859820834688
1878	-13.688269802366934
1879	-13.574620360751162
1880	-11.701912063544713
1881	-11.618027275868402
1882	-11.702010355757562
1883	-11.656900643774295
1884	-13.03793139762018
1885	-12.94587337979741
1886	-10.984502026923558
1887	-10.912225650689368
1888	-12.565269485062341
1889	-12.47259385097968
1890	-14.695164721912418
1891	-14.58232219808732
1892	-12.555891177669778
1893	-12.450914602455658
1894	-14.149473263638406
1895	-14.087551044736164
1896	-13.692918011807794
1897	-13.6156352324364
1898	-13.410722721650211
1899	-13.30894312646294
1900	-13.638259641776262
1901	-13.534080878721825
1902	-13.474371086394894
1903	-13.394258001752009
1904	-13.294360977475483
1905	-13.20301281499347
1906	-12.13316419866446
1907	-12.038928862663276
1908	-14.322702265333898
1909	-14.209998401408708
1910	-14.32857984833114
1911	-14.220559858734207
1912	-13.15778142440691
1913	-13.09373652328227
1914	-13.772241667732533
1915	-13.669041588467831
1916	-11.560214532524398
1917	-11.492311414670763
1918	-13.035374298325678
1919	-12.927719893134697
1920	-12.372769056425504
1921	-12.314150657029268
1922	-12.919869168126413
1923	-12.854429746715471
1924	-12.525907667636757
1925	-12.443265450860826
1926	-12.147896596116828
1927	-12.063627034720012
1928	-14.294275701990749
1929	-14.19893478272096
1930	-12.498289484975382
1931	-12.416879931436865
1932	-11.67901667910937
1933	-11.604283678328208
1934	-13.705418842611897
1935	-13.633584191642228
1936	-13.01387758937323
1937	-12.922435076971556
1938	-11.89673472882234
1939	-11.815176234336903
1940	-13.506127248620963
1941	-13.418111558734065
1942	-12.975319557108417
1943	-12.908180114947577
1944	-14.942239164396934
1945	-14.842871054108553
1946	-13.069128219615955
1947	-12.981300423025338
1948	-13.76283059739298
1949	-13.659829449714092
1950	-12.060017738234281
1951	-11.972526878798703
1952	-13.562508776201947
1953	-13.464218708619551
1954	-12.920496810285204
1955	-12.825438802776002
1956	-12.896630396869378
1957	-12.826349582775832
1958	-12.217682329484852
1959	-12.126603679248063
1960	-13.014917739862955
1961	-12.924944244510357
1962	-12.876814048535548
1963	-12.81844685000546
1964	-13.30577565137307
1965	-13.226836818152504
1966	-12.311833974315538
1967	-12.240139179873477
1968	-12.435380903098974
1969	-12.35815940250577
1970	-12.9276819322152
1971	-12.8515620705931
1972	-12.897911465739647
1973	-12.84422168113449
1974	-12.415101144122152
1975	-12.284055679993495
1976	-13.661701831506871
1977	-13.583713558956656
1978	-13.40776831285441
1979	-13.335388816672149
1980	-13.047003842432758
1981	-12.969655467289344
1982	-13.103721668548141
1983	-13.026256333410176
1984	-13.167943370618953
1985	-13.085967855658254
1986	-12.44834546577263
1987	-12.38669130776721
1988	-13.062647065468326
1989	-12.981002515910632
1990	-13.44160560228157
1991	-13.343038841539807
1992	-12.061601004911983
1993	-11.99519123946871
1994	-12.264832055110467
1995	-12.183240470403055
1996	-13.47652378147169
1997	-13.398841988508204
1998	-13.019114361599193
1999	-12.93816815929411
