0	0.6931471805599453
1	0.6563501408267953
2	0.6221663183845537
3	0.5902504956298236
4	0.5603309132226816
5	0.5321942172459759
6	0.5056728942230669
7	0.4806348496657464
8	0.4569748356287885
9	0.4346074821813705
10	0.4134617257553758
11	0.393476452157984
12	0.3745971864536007
13	0.35677367041060726
14	0.3399581750539414
15	0.32410440414637365
16	0.3091668556971029
17	0.2951005230505805
18	0.2818608339629219
19	0.26940374406619816
20	0.2576859189219129
21	0.24666495535699398
22	0.236299607193839
23	0.22654999244004242
24	0.21737776842485532
25	0.20874626842360752
26	0.20062059830538842
27	0.19296769504286293
28	0.18575635091030832
29	0.17895720820838745
30	0.1725427296820351
31	0.16648714967375758
32	0.1607664106562306
33	0.15535808924453395
34	0.1502413151892907
35	0.14539668625611926
36	0.14080618133981423
37	0.13645307366282067
38	0.13232184547485656
39	0.12839810530470525
40	0.12478295555019933
41	0.12453097963362633
42	0.12428322313764982
43	0.12403958182979889
44	0.1237999548612638
45	0.12356424463139525
46	0.12333235665863419
47	0.12310419945752218
48	0.12287968442146222
49	0.12265872571091618
50	0.12244124014675362
51	0.1222271471084735
52	0.12201636843704487
53	0.1218088283421232
54	0.12160445331341485
55	0.12140317203597742
56	0.121204915309252
57	0.1210096159696388
58	0.12081720881643752
59	0.12062763054098244
60	0.12044081965881459
61	0.12025671644473922
62	0.1200752628706274
63	0.1198964025458298
64	0.11972008066007177
65	0.11954624392871441
66	0.11937484054026741
67	0.11920582010604383
68	0.11903913361186008
69	0.11887473337168337
70	0.11871257298313355
71	0.11855260728475861
72	0.11839479231499687
73	0.11823908527275336
74	0.11808544447951376
75	0.11793382934292833
76	0.11778420032179951
77	0.11763651889241121
78	0.11749074751613815
79	0.11734684960828241
80	0.11720478950808094
81	0.11706453244983328
82	0.11692604453510333
83	0.11678929270594501
84	0.11665424471911348
85	0.11652086912121394
86	0.1163891352247547
87	0.11625901308506068
88	0.11613047347801701
89	0.11600348787860368
90	0.11587802844019099
91	0.115754067974565
92	0.11563157993265202
93	0.11551053838591381
94	0.11539091800838779
95	0.1152726940593447
96	0.11515584236654104
97	0.11504033931004003
98	0.11492616180658234
99	0.11481328729448177
100	0.11470169371902694
101	0.11459135951836885
102	0.11448226360987693
103	0.11437438537694321
104	0.11426770465622019
105	0.11416220172527342
106	0.11405785729063539
107	0.11395465247624414
108	0.11385256881225281
109	0.11375158822419641
110	0.11365169302250179
111	0.11355286589233098
112	0.1134550898837407
113	0.11335834840215189
114	0.11326262519911391
115	0.11316790436335628
116	0.11307417031211385
117	0.11298140778271974
118	0.11288960182445222
119	0.11279873779063149
120	0.11270880133095235
121	0.11261977838404902
122	0.11253165517028181
123	0.11244441818473658
124	0.11235805419043338
125	0.11227255021173486
126	0.11218789352794654
127	0.11210407166710473
128	0.11202107239994451
129	0.11193888373404233
130	0.11185749390812634
131	0.11177689138655043
132	0.1116970648539241
133	0.11161800320989715
134	0.11153969556408858
135	0.1114621312311603
136	0.11138529972602747
137	0.11130919075920225
138	0.11123379423226654
139	0.11115910023347049
140	0.11108509903344937
141	0.11101178108106158
142	0.11093913699933543
143	0.11086715758152953
144	0.11079583378729589
145	0.11072515673895002
146	0.11065511771783729
147	0.11058570816079724
148	0.11051691965672293
149	0.11044874394320833
150	0.11038117290328649
151	0.11031419856225115
152	0.11024781308456216
153	0.11018200877083047
154	0.11011677805488199
155	0.11005211350089542
156	0.10998800780061582
157	0.10992445377063531
158	0.10986144434974787
159	0.10979897259636585
160	0.1097370316860061
161	0.10967561490883587
162	0.10961471566728215
163	0.1095543274736983
164	0.1094944439480909
165	0.1094350588159018
166	0.10937616590584273
167	0.10931775914778655
168	0.10925983257070626
169	0.10920238030066745
170	0.10914539655886622
171	0.10908887565971585
172	0.10903281200898002
173	0.10897720010194942
174	0.10892203452166235
175	0.10886730993716666
176	0.10881302110182439
177	0.10875916285165571
178	0.10870573010371924
179	0.10865271785453462
180	0.1086001211785381
181	0.10854793522657595
182	0.10849615522443096
183	0.10844477647138455
184	0.10839379433881102
185	0.10834320426880328
186	0.1082930017728312
187	0.10824318243042923
188	0.10819374188791402
189	0.1081446758571305
190	0.10809598011422719
191	0.10804765049845702
192	0.10799968291100717
193	0.10795207331385202
194	0.10790481772863347
195	0.10785791223556623
196	0.10781135297236509
197	0.10776513613319619
198	0.1077192579676537
199	0.10767371477975429
200	0.10762850292695712
201	0.10758361881920303
202	0.10753905891797454
203	0.1074948197353767
204	0.10745089783323568
205	0.10740728982221984
206	0.10736399236097542
207	0.10732100215528351
208	0.10727831595723253
209	0.10723593056441051
210	0.10719384281911158
211	0.10715204960756025
212	0.10711054785915264
213	0.10706933454571096
214	0.10702840668075643
215	0.10698776131879369
216	0.10694739555461295
217	0.10690730652260427
218	0.1068674913960871
219	0.10682794738665181
220	0.10678867174351633
221	0.1067496617528947
222	0.10671091473737847
223	0.10667242805532959
224	0.10663419910028726
225	0.10659622530038484
226	0.10655850411777947
227	0.10652103304809173
228	0.10648380961985765
229	0.10644683139398992
230	0.1064100959632515
231	0.10637360095173728
232	0.10633734401436774
233	0.1063013228363919
234	0.10626553513289848
235	0.10622997864833818
236	0.10619465115605464
237	0.10615955045782331
238	0.10612467438340074
239	0.10609002079008174
240	0.10605558756226394
241	0.10602137261102174
242	0.1059873738736885
243	0.1059535893134456
244	0.10592001691891863
245	0.1058866547037842
246	0.10585350070637956
247	0.10582055298932302
248	0.10578780963914038
249	0.10575526876589679
250	0.10572292850283756
251	0.1056907870060339
252	0.10565884245403645
253	0.1056270930475333
254	0.10559553700901637
255	0.10556417258245192
256	0.10553299803295828
257	0.1055020116464886
258	0.10547121172951975
259	0.10544059660874686
260	0.10541016463078233
261	0.105379914161861
262	0.1053605156578264
263	0.1053605156578264
264	0.1053605156578264
265	0.1053605156578264
266	0.1053605156578264
267	0.1053605156578264
268	0.1053605156578264
269	0.1053605156578264
270	0.1053605156578264
271	0.1053605156578264
272	0.1053605156578264
273	0.1053605156578264
274	0.1053605156578264
275	0.1053605156578264
276	0.1053605156578264
277	0.1053605156578264
278	0.1053605156578264
279	0.1053605156578264
280	0.1053605156578264
281	0.1053605156578264
282	0.1053605156578264
283	0.1053605156578264
284	0.1053605156578264
285	0.1053605156578264
286	0.1053605156578264
287	0.1053605156578264
288	0.1053605156578264
289	0.1053605156578264
290	0.1053605156578264
291	0.1053605156578264
292	0.1053605156578264
293	0.1053605156578264
294	0.1053605156578264
295	0.1053605156578264
296	0.1053605156578264
297	0.1053605156578264
298	0.1053605156578264
299	0.1053605156578264
300	0.1053605156578264
301	0.1053605156578264
302	0.1053605156578264
303	0.1053605156578264
304	0.1053605156578264
305	0.1053605156578264
306	0.1053605156578264
307	0.1053605156578264
308	0.1053605156578264
309	0.1053605156578264
310	0.1053605156578264
311	0.1053605156578264
312	0.1053605156578264
313	0.1053605156578264
314	0.1053605156578264
315	0.1053605156578264
316	0.1053605156578264
317	0.1053605156578264
318	0.1053605156578264
319	0.1053605156578264
320	0.1053605156578264
321	0.1053605156578264
322	0.1053605156578264
323	0.1053605156578264
324	0.1053605156578264
325	0.1053605156578264
326	0.1053605156578264
327	0.1053605156578264
328	0.1053605156578264
329	0.1053605156578264
330	0.1053605156578264
331	0.1053605156578264
332	0.1053605156578264
333	0.1053605156578264
334	0.1053605156578264
335	0.1053605156578264
336	0.1053605156578264
337	0.1053605156578264
338	0.1053605156578264
339	0.1053605156578264
340	0.1053605156578264
341	0.1053605156578264
342	0.1053605156578264
343	0.1053605156578264
344	0.1053605156578264
345	0.1053605156578264
346	0.1053605156578264
347	0.1053605156578264
348	0.1053605156578264
349	0.1053605156578264
350	0.1053605156578264
351	0.1053605156578264
352	0.1053605156578264
353	0.1053605156578264
354	0.1053605156578264
355	0.1053605156578264
356	0.1053605156578264
357	0.1053605156578264
358	0.1053605156578264
359	0.1053605156578264
360	0.1053605156578264
361	0.1053605156578264
362	0.1053605156578264
363	0.1053605156578264
364	0.1053605156578264
365	0.1053605156578264
366	0.1053605156578264
367	0.1053605156578264
368	0.1053605156578264
369	0.1053605156578264
370	0.1053605156578264
371	0.1053605156578264
372	0.1053605156578264
373	0.1053605156578264
374	0.1053605156578264
375	0.1053605156578264
376	0.1053605156578264
377	0.1053605156578264
378	0.1053605156578264
379	0.1053605156578264
380	0.1053605156578264
381	0.1053605156578264
382	0.1053605156578264
383	0.1053605156578264
384	0.1053605156578264
385	0.1053605156578264
386	0.1053605156578264
387	0.1053605156578264
388	0.1053605156578264
389	0.1053605156578264
390	0.1053605156578264
391	0.1053605156578264
392	0.1053605156578264
393	0.1053605156578264
394	0.1053605156578264
395	0.1053605156578264
396	0.1053605156578264
397	0.1053605156578264
398	0.1053605156578264
399	0.1053605156578264
400	0.1053605156578264
401	0.1053605156578264
402	0.1053605156578264
403	0.1053605156578264
404	0.1053605156578264
405	0.1053605156578264
406	0.1053605156578264
407	0.1053605156578264
408	0.1053605156578264
409	0.1053605156578264
410	0.1053605156578264
411	0.1053605156578264
412	0.1053605156578264
413	0.1053605156578264
414	0.1053605156578264
415	0.1053605156578264
416	0.1053605156578264
417	0.1053605156578264
418	0.1053605156578264
419	0.1053605156578264
420	0.1053605156578264
421	0.1053605156578264
422	0.1053605156578264
423	0.1053605156578264
424	0.1053605156578264
425	0.1053605156578264
426	0.1053605156578264
427	0.1053605156578264
428	0.1053605156578264
429	0.1053605156578264
430	0.1053605156578264
431	0.1053605156578264
432	0.1053605156578264
433	0.1053605156578264
434	0.1053605156578264
435	0.1053605156578264
436	0.1053605156578264
437	0.1053605156578264
438	0.1053605156578264
439	0.1053605156578264
440	0.1053605156578264
441	0.1053605156578264
442	0.1053605156578264
443	0.1053605156578264
444	0.1053605156578264
445	0.1053605156578264
446	0.1053605156578264
447	0.1053605156578264
448	0.1053605156578264
449	0.1053605156578264
450	0.1053605156578264
451	0.1053605156578264
452	0.1053605156578264
453	0.1053605156578264
454	0.1053605156578264
455	0.1053605156578264
456	0.1053605156578264
457	0.1053605156578264
458	0.1053605156578264
459	0.1053605156578264
460	0.1053605156578264
461	0.1053605156578264
462	0.1053605156578264
463	0.1053605156578264
464	0.1053605156578264
465	0.1053605156578264
466	0.1053605156578264
467	0.1053605156578264
468	0.1053605156578264
469	0.1053605156578264
470	0.1053605156578264
471	0.1053605156578264
472	0.1053605156578264
473	0.1053605156578264
474	0.1053605156578264
475	0.1053605156578264
476	0.1053605156578264
477	0.1053605156578264
478	0.1053605156578264
479	0.1053605156578264
480	0.1053605156578264
481	0.1053605156578264
482	0.1053605156578264
483	0.1053605156578264
484	0.1053605156578264
485	0.1053605156578264
486	0.1053605156578264
487	0.1053605156578264
488	0.1053605156578264
489	0.1053605156578264
490	0.1053605156578264
491	0.1053605156578264
492	0.1053605156578264
493	0.1053605156578264
494	0.1053605156578264
495	0.1053605156578264
496	0.1053605156578264
497	0.1053605156578264
498	0.1053605156578264
499	0.1053605156578264
500	0.1053605156578264
501	0.1053605156578264
502	0.1053605156578264
503	0.1053605156578264
504	0.1053605156578264
505	0.1053605156578264
506	0.1053605156578264
507	0.1053605156578264
508	0.1053605156578264
509	0.1053605156578264
510	0.1053605156578264
511	0.1053605156578264
512	0.1053605156578264
513	0.1053605156578264
514	0.1053605156578264
515	0.1053605156578264
516	0.1053605156578264
517	0.1053605156578264
518	0.1053605156578264
519	0.1053605156578264
520	0.1053605156578264
521	0.1053605156578264
522	0.1053605156578264
523	0.1053605156578264
524	0.1053605156578264
525	0.1053605156578264
526	0.1053605156578264
527	0.1053605156578264
528	0.1053605156578264
529	0.1053605156578264
530	0.1053605156578264
531	0.1053605156578264
532	0.1053605156578264
533	0.1053605156578264
534	0.1053605156578264
535	0.1053605156578264
536	0.1053605156578264
537	0.1053605156578264
538	0.1053605156578264
539	0.1053605156578264
540	0.1053605156578264
541	0.1053605156578264
542	0.1053605156578264
543	0.1053605156578264
544	0.1053605156578264
545	0.1053605156578264
546	0.1053605156578264
547	0.1053605156578264
548	0.1053605156578264
549	0.1053605156578264
550	0.1053605156578264
551	0.1053605156578264
552	0.1053605156578264
553	0.1053605156578264
554	0.1053605156578264
555	0.1053605156578264
556	0.1053605156578264
557	0.1053605156578264
558	0.1053605156578264
559	0.1053605156578264
560	0.1053605156578264
561	0.1053605156578264
562	0.1053605156578264
563	0.1053605156578264
564	0.1053605156578264
565	0.1053605156578264
566	0.1053605156578264
567	0.1053605156578264
568	0.1053605156578264
569	0.1053605156578264
570	0.1053605156578264
571	0.1053605156578264
572	0.1053605156578264
573	0.1053605156578264
574	0.1053605156578264
575	0.1053605156578264
576	0.1053605156578264
577	0.1053605156578264
578	0.1053605156578264
579	0.1053605156578264
580	0.1053605156578264
581	0.1053605156578264
582	0.1053605156578264
583	0.1053605156578264
584	0.1053605156578264
585	0.1053605156578264
586	0.1053605156578264
587	0.1053605156578264
588	0.1053605156578264
589	0.1053605156578264
590	0.1053605156578264
591	0.1053605156578264
592	0.1053605156578264
593	0.1053605156578264
594	0.1053605156578264
595	0.1053605156578264
596	0.1053605156578264
597	0.1053605156578264
598	0.1053605156578264
599	0.1053605156578264
600	0.1053605156578264
601	0.1053605156578264
602	0.1053605156578264
603	0.1053605156578264
604	0.1053605156578264
605	0.1053605156578264
606	0.1053605156578264
607	0.1053605156578264
608	0.1053605156578264
609	0.1053605156578264
610	0.1053605156578264
611	0.1053605156578264
612	0.1053605156578264
613	0.1053605156578264
614	0.1053605156578264
615	0.1053605156578264
616	0.1053605156578264
617	0.1053605156578264
618	0.1053605156578264
619	0.1053605156578264
620	0.1053605156578264
621	0.1053605156578264
622	0.1053605156578264
623	0.1053605156578264
624	0.1053605156578264
625	0.1053605156578264
626	0.1053605156578264
627	0.1053605156578264
628	0.1053605156578264
629	0.1053605156578264
630	0.1053605156578264
631	0.1053605156578264
632	0.1053605156578264
633	0.1053605156578264
634	0.1053605156578264
635	0.1053605156578264
636	0.1053605156578264
637	0.1053605156578264
638	0.1053605156578264
639	0.1053605156578264
640	0.1053605156578264
641	0.1053605156578264
642	0.1053605156578264
643	0.1053605156578264
644	0.1053605156578264
645	0.1053605156578264
646	0.1053605156578264
647	0.1053605156578264
648	0.1053605156578264
649	0.1053605156578264
650	0.1053605156578264
651	0.1053605156578264
652	0.1053605156578264
653	0.1053605156578264
654	0.1053605156578264
655	0.1053605156578264
656	0.1053605156578264
657	0.1053605156578264
658	0.1053605156578264
659	0.1053605156578264
660	0.1053605156578264
661	0.1053605156578264
662	0.1053605156578264
663	0.1053605156578264
664	0.1053605156578264
665	0.1053605156578264
666	0.1053605156578264
667	0.1053605156578264
668	0.1053605156578264
669	0.1053605156578264
670	0.1053605156578264
671	0.1053605156578264
672	0.1053605156578264
673	0.1053605156578264
674	0.1053605156578264
675	0.1053605156578264
676	0.1053605156578264
677	0.1053605156578264
678	0.1053605156578264
679	0.1053605156578264
680	0.1053605156578264
681	0.1053605156578264
682	0.1053605156578264
683	0.1053605156578264
684	0.1053605156578264
685	0.1053605156578264
686	0.1053605156578264
687	0.1053605156578264
688	0.1053605156578264
689	0.1053605156578264
690	0.1053605156578264
691	0.1053605156578264
692	0.1053605156578264
693	0.1053605156578264
694	0.1053605156578264
695	0.1053605156578264
696	0.1053605156578264
697	0.1053605156578264
698	0.1053605156578264
699	0.1053605156578264
700	0.1053605156578264
701	0.1053605156578264
702	0.1053605156578264
703	0.1053605156578264
704	0.1053605156578264
705	0.1053605156578264
706	0.1053605156578264
707	0.1053605156578264
708	0.1053605156578264
709	0.1053605156578264
710	0.1053605156578264
711	0.1053605156578264
712	0.1053605156578264
713	0.1053605156578264
714	0.1053605156578264
715	0.1053605156578264
716	0.1053605156578264
717	0.1053605156578264
718	0.1053605156578264
719	0.1053605156578264
720	0.1053605156578264
721	0.1053605156578264
722	0.1053605156578264
723	0.1053605156578264
724	0.1053605156578264
725	0.1053605156578264
726	0.1053605156578264
727	0.1053605156578264
728	0.1053605156578264
729	0.1053605156578264
730	0.1053605156578264
731	0.1053605156578264
732	0.1053605156578264
733	0.1053605156578264
734	0.1053605156578264
735	0.1053605156578264
736	0.1053605156578264
737	0.1053605156578264
738	0.1053605156578264
739	0.1053605156578264
740	0.1053605156578264
741	0.1053605156578264
742	0.1053605156578264
743	0.1053605156578264
744	0.1053605156578264
745	0.1053605156578264
746	0.1053605156578264
747	0.1053605156578264
748	0.1053605156578264
749	0.1053605156578264
750	0.1053605156578264
751	0.1053605156578264
752	0.1053605156578264
753	0.1053605156578264
754	0.1053605156578264
755	0.1053605156578264
756	0.1053605156578264
757	0.1053605156578264
758	0.1053605156578264
759	0.1053605156578264
760	0.1053605156578264
761	0.1053605156578264
762	0.1053605156578264
763	0.1053605156578264
764	0.1053605156578264
765	0.1053605156578264
766	0.1053605156578264
767	0.1053605156578264
768	0.1053605156578264
769	0.1053605156578264
770	0.1053605156578264
771	0.1053605156578264
772	0.1053605156578264
773	0.1053605156578264
774	0.1053605156578264
775	0.1053605156578264
776	0.1053605156578264
777	0.1053605156578264
778	0.1053605156578264
779	0.1053605156578264
780	0.1053605156578264
781	0.1053605156578264
782	0.1053605156578264
783	0.1053605156578264
784	0.1053605156578264
785	0.1053605156578264
786	0.1053605156578264
787	0.1053605156578264
788	0.1053605156578264
789	0.1053605156578264
790	0.1053605156578264
791	0.1053605156578264
792	0.1053605156578264
793	0.1053605156578264
794	0.1053605156578264
795	0.1053605156578264
796	0.1053605156578264
797	0.1053605156578264
798	0.1053605156578264
799	0.1053605156578264
800	0.1053605156578264
801	0.1053605156578264
802	0.1053605156578264
803	0.1053605156578264
804	0.1053605156578264
805	0.1053605156578264
806	0.1053605156578264
807	0.1053605156578264
808	0.1053605156578264
809	0.1053605156578264
810	0.1053605156578264
811	0.1053605156578264
812	0.1053605156578264
813	0.1053605156578264
814	0.1053605156578264
815	0.1053605156578264
816	0.1053605156578264
817	0.1053605156578264
818	0.1053605156578264
819	0.1053605156578264
820	0.1053605156578264
821	0.1053605156578264
822	0.1053605156578264
823	0.1053605156578264
824	0.1053605156578264
825	0.1053605156578264
826	0.1053605156578264
827	0.1053605156578264
828	0.1053605156578264
829	0.1053605156578264
830	0.1053605156578264
831	0.1053605156578264
832	0.1053605156578264
833	0.1053605156578264
834	0.1053605156578264
835	0.1053605156578264
836	0.1053605156578264
837	0.1053605156578264
838	0.1053605156578264
839	0.1053605156578264
840	0.1053605156578264
841	0.1053605156578264
842	0.1053605156578264
843	0.1053605156578264
844	0.1053605156578264
845	0.1053605156578264
846	0.1053605156578264
847	0.1053605156578264
848	0.1053605156578264
849	0.1053605156578264
850	0.1053605156578264
851	0.1053605156578264
852	0.1053605156578264
853	0.1053605156578264
854	0.1053605156578264
855	0.1053605156578264
856	0.1053605156578264
857	0.1053605156578264
858	0.1053605156578264
859	0.1053605156578264
860	0.1053605156578264
861	0.1053605156578264
862	0.1053605156578264
863	0.1053605156578264
864	0.1053605156578264
865	0.1053605156578264
866	0.1053605156578264
867	0.1053605156578264
868	0.1053605156578264
869	0.1053605156578264
870	0.1053605156578264
871	0.1053605156578264
872	0.1053605156578264
873	0.1053605156578264
874	0.1053605156578264
875	0.1053605156578264
876	0.1053605156578264
877	0.1053605156578264
878	0.1053605156578264
879	0.1053605156578264
880	0.1053605156578264
881	0.1053605156578264
882	0.1053605156578264
883	0.1053605156578264
884	0.1053605156578264
885	0.1053605156578264
886	0.1053605156578264
887	0.1053605156578264
888	0.1053605156578264
889	0.1053605156578264
890	0.1053605156578264
891	0.1053605156578264
892	0.1053605156578264
893	0.1053605156578264
894	0.1053605156578264
895	0.1053605156578264
896	0.1053605156578264
897	0.1053605156578264
898	0.1053605156578264
899	0.1053605156578264
900	0.1053605156578264
901	0.1053605156578264
902	0.1053605156578264
903	0.1053605156578264
904	0.1053605156578264
905	0.1053605156578264
906	0.1053605156578264
907	0.1053605156578264
908	0.1053605156578264
909	0.1053605156578264
910	0.1053605156578264
911	0.1053605156578264
912	0.1053605156578264
913	0.1053605156578264
914	0.1053605156578264
915	0.1053605156578264
916	0.1053605156578264
917	0.1053605156578264
918	0.1053605156578264
919	0.1053605156578264
920	0.1053605156578264
921	0.1053605156578264
922	0.1053605156578264
923	0.1053605156578264
924	0.1053605156578264
925	0.1053605156578264
926	0.1053605156578264
927	0.1053605156578264
928	0.1053605156578264
929	0.1053605156578264
930	0.1053605156578264
931	0.1053605156578264
932	0.1053605156578264
933	0.1053605156578264
934	0.1053605156578264
935	0.1053605156578264
936	0.1053605156578264
937	0.1053605156578264
938	0.1053605156578264
939	0.1053605156578264
940	0.1053605156578264
941	0.1053605156578264
942	0.1053605156578264
943	0.1053605156578264
944	0.1053605156578264
945	0.1053605156578264
946	0.1053605156578264
947	0.1053605156578264
948	0.1053605156578264
949	0.1053605156578264
950	0.1053605156578264
951	0.1053605156578264
952	0.1053605156578264
953	0.1053605156578264
954	0.1053605156578264
955	0.1053605156578264
956	0.1053605156578264
957	0.1053605156578264
958	0.1053605156578264
959	0.1053605156578264
960	0.1053605156578264
961	0.1053605156578264
962	0.1053605156578264
963	0.1053605156578264
964	0.1053605156578264
965	0.1053605156578264
966	0.1053605156578264
967	0.1053605156578264
968	0.1053605156578264
969	0.1053605156578264
970	0.1053605156578264
971	0.1053605156578264
972	0.1053605156578264
973	0.1053605156578264
974	0.1053605156578264
975	0.1053605156578264
976	0.1053605156578264
977	0.1053605156578264
978	0.1053605156578264
979	0.1053605156578264
980	0.1053605156578264
981	0.1053605156578264
982	0.1053605156578264
983	0.1053605156578264
984	0.1053605156578264
985	0.1053605156578264
986	0.1053605156578264
987	0.1053605156578264
988	0.1053605156578264
989	0.1053605156578264
990	0.1053605156578264
991	0.1053605156578264
992	0.1053605156578264
993	0.1053605156578264
994	0.1053605156578264
995	0.1053605156578264
996	0.1053605156578264
997	0.1053605156578264
998	0.1053605156578264
999	0.1053605156578264
1000	0.1053605156578264
1001	0.1053605156578264
1002	0.1053605156578264
1003	0.1053605156578264
1004	0.1053605156578264
1005	0.1053605156578264
1006	0.1053605156578264
1007	0.1053605156578264
1008	0.1053605156578264
1009	0.1053605156578264
1010	0.1053605156578264
1011	0.1053605156578264
1012	0.1053605156578264
1013	0.1053605156578264
1014	0.1053605156578264
1015	0.1053605156578264
1016	0.1053605156578264
1017	0.1053605156578264
1018	0.1053605156578264
1019	0.1053605156578264
1020	0.1053605156578264
1021	0.1053605156578264
1022	0.1053605156578264
1023	0.1053605156578264
1024	0.1053605156578264
1025	0.1053605156578264
1026	0.1053605156578264
1027	0.1053605156578264
1028	0.1053605156578264
1029	0.1053605156578264
1030	0.1053605156578264
1031	0.1053605156578264
1032	0.1053605156578264
1033	0.1053605156578264
1034	0.1053605156578264
1035	0.1053605156578264
1036	0.1053605156578264
1037	0.1053605156578264
1038	0.1053605156578264
1039	0.1053605156578264
1040	0.1053605156578264
1041	0.1053605156578264
1042	0.1053605156578264
1043	0.1053605156578264
1044	0.1053605156578264
1045	0.1053605156578264
1046	0.1053605156578264
1047	0.1053605156578264
1048	0.1053605156578264
1049	0.1053605156578264
1050	0.1053605156578264
1051	0.1053605156578264
1052	0.1053605156578264
1053	0.1053605156578264
1054	0.1053605156578264
1055	0.1053605156578264
1056	0.1053605156578264
1057	0.1053605156578264
1058	0.1053605156578264
1059	0.1053605156578264
1060	0.1053605156578264
1061	0.1053605156578264
1062	0.1053605156578264
1063	0.1053605156578264
1064	0.1053605156578264
1065	0.1053605156578264
1066	0.1053605156578264
1067	0.1053605156578264
1068	0.1053605156578264
1069	0.1053605156578264
1070	0.1053605156578264
1071	0.1053605156578264
1072	0.1053605156578264
1073	0.1053605156578264
1074	0.1053605156578264
1075	0.1053605156578264
1076	0.1053605156578264
1077	0.1053605156578264
1078	0.1053605156578264
1079	0.1053605156578264
1080	0.1053605156578264
1081	0.1053605156578264
1082	0.1053605156578264
1083	0.1053605156578264
1084	0.1053605156578264
1085	0.1053605156578264
1086	0.1053605156578264
1087	0.1053605156578264
1088	0.1053605156578264
1089	0.1053605156578264
1090	0.1053605156578264
1091	0.1053605156578264
1092	0.1053605156578264
1093	0.1053605156578264
1094	0.1053605156578264
1095	0.1053605156578264
1096	0.1053605156578264
1097	0.1053605156578264
1098	0.1053605156578264
1099	0.1053605156578264
1100	0.1053605156578264
1101	0.1053605156578264
1102	0.1053605156578264
1103	0.1053605156578264
1104	0.1053605156578264
1105	0.1053605156578264
1106	0.1053605156578264
1107	0.1053605156578264
1108	0.1053605156578264
1109	0.1053605156578264
1110	0.1053605156578264
1111	0.1053605156578264
1112	0.1053605156578264
1113	0.1053605156578264
1114	0.1053605156578264
1115	0.1053605156578264
1116	0.1053605156578264
1117	0.1053605156578264
1118	0.1053605156578264
1119	0.1053605156578264
1120	0.1053605156578264
1121	0.1053605156578264
1122	0.1053605156578264
1123	0.1053605156578264
1124	0.1053605156578264
1125	0.1053605156578264
1126	0.1053605156578264
1127	0.1053605156578264
1128	0.1053605156578264
1129	0.1053605156578264
1130	0.1053605156578264
1131	0.1053605156578264
1132	0.1053605156578264
1133	0.1053605156578264
1134	0.1053605156578264
1135	0.1053605156578264
1136	0.1053605156578264
1137	0.1053605156578264
1138	0.1053605156578264
1139	0.1053605156578264
1140	0.1053605156578264
1141	0.1053605156578264
1142	0.1053605156578264
1143	0.1053605156578264
1144	0.1053605156578264
1145	0.1053605156578264
1146	0.1053605156578264
1147	0.1053605156578264
1148	0.1053605156578264
1149	0.1053605156578264
1150	0.1053605156578264
1151	0.1053605156578264
1152	0.1053605156578264
1153	0.1053605156578264
1154	0.1053605156578264
1155	0.1053605156578264
1156	0.1053605156578264
1157	0.1053605156578264
1158	0.1053605156578264
1159	0.1053605156578264
1160	0.1053605156578264
1161	0.1053605156578264
1162	0.1053605156578264
1163	0.1053605156578264
1164	0.1053605156578264
1165	0.1053605156578264
1166	0.1053605156578264
1167	0.1053605156578264
1168	0.1053605156578264
1169	0.1053605156578264
1170	0.1053605156578264
1171	0.1053605156578264
1172	0.1053605156578264
1173	0.1053605156578264
1174	0.1053605156578264
1175	0.1053605156578264
1176	0.1053605156578264
1177	0.1053605156578264
1178	0.1053605156578264
1179	0.1053605156578264
1180	0.1053605156578264
1181	0.1053605156578264
1182	0.1053605156578264
1183	0.1053605156578264
1184	0.1053605156578264
1185	0.1053605156578264
1186	0.1053605156578264
1187	0.1053605156578264
1188	0.1053605156578264
1189	0.1053605156578264
1190	0.1053605156578264
1191	0.1053605156578264
1192	0.1053605156578264
1193	0.1053605156578264
1194	0.1053605156578264
1195	0.1053605156578264
1196	0.1053605156578264
1197	0.1053605156578264
1198	0.1053605156578264
1199	0.1053605156578264
1200	0.1053605156578264
1201	0.1053605156578264
1202	0.1053605156578264
1203	0.1053605156578264
1204	0.1053605156578264
1205	0.1053605156578264
1206	0.1053605156578264
1207	0.1053605156578264
1208	0.1053605156578264
1209	0.1053605156578264
1210	0.1053605156578264
1211	0.1053605156578264
1212	0.1053605156578264
1213	0.1053605156578264
1214	0.1053605156578264
1215	0.1053605156578264
1216	0.1053605156578264
1217	0.1053605156578264
1218	0.1053605156578264
1219	0.1053605156578264
1220	0.1053605156578264
1221	0.1053605156578264
1222	0.1053605156578264
1223	0.1053605156578264
1224	0.1053605156578264
1225	0.1053605156578264
1226	0.1053605156578264
1227	0.1053605156578264
1228	0.1053605156578264
1229	0.1053605156578264
1230	0.1053605156578264
1231	0.1053605156578264
1232	0.1053605156578264
1233	0.1053605156578264
1234	0.1053605156578264
1235	0.1053605156578264
1236	0.1053605156578264
1237	0.1053605156578264
1238	0.1053605156578264
1239	0.1053605156578264
1240	0.1053605156578264
1241	0.1053605156578264
1242	0.1053605156578264
1243	0.1053605156578264
1244	0.1053605156578264
1245	0.1053605156578264
1246	0.1053605156578264
1247	0.1053605156578264
1248	0.1053605156578264
1249	0.1053605156578264
1250	0.1053605156578264
1251	0.1053605156578264
1252	0.1053605156578264
1253	0.1053605156578264
1254	0.1053605156578264
1255	0.1053605156578264
1256	0.1053605156578264
1257	0.1053605156578264
1258	0.1053605156578264
1259	0.1053605156578264
1260	0.1053605156578264
1261	0.1053605156578264
1262	0.1053605156578264
1263	0.1053605156578264
1264	0.1053605156578264
1265	0.1053605156578264
1266	0.1053605156578264
1267	0.1053605156578264
1268	0.1053605156578264
1269	0.1053605156578264
1270	0.1053605156578264
1271	0.1053605156578264
1272	0.1053605156578264
1273	0.1053605156578264
1274	0.1053605156578264
1275	0.1053605156578264
1276	0.1053605156578264
1277	0.1053605156578264
1278	0.1053605156578264
1279	0.1053605156578264
1280	0.1053605156578264
1281	0.1053605156578264
1282	0.1053605156578264
1283	0.1053605156578264
1284	0.1053605156578264
1285	0.1053605156578264
1286	0.1053605156578264
1287	0.1053605156578264
1288	0.1053605156578264
1289	0.1053605156578264
1290	0.1053605156578264
1291	0.1053605156578264
1292	0.1053605156578264
1293	0.1053605156578264
1294	0.1053605156578264
1295	0.1053605156578264
1296	0.1053605156578264
1297	0.1053605156578264
1298	0.1053605156578264
1299	0.1053605156578264
1300	0.1053605156578264
1301	0.1053605156578264
1302	0.1053605156578264
1303	0.1053605156578264
1304	0.1053605156578264
1305	0.1053605156578264
1306	0.1053605156578264
1307	0.1053605156578264
1308	0.1053605156578264
1309	0.1053605156578264
1310	0.1053605156578264
1311	0.1053605156578264
1312	0.1053605156578264
1313	0.1053605156578264
1314	0.1053605156578264
1315	0.1053605156578264
1316	0.1053605156578264
1317	0.1053605156578264
1318	0.1053605156578264
1319	0.1053605156578264
1320	0.1053605156578264
1321	0.1053605156578264
1322	0.1053605156578264
1323	0.1053605156578264
1324	0.1053605156578264
1325	0.1053605156578264
1326	0.1053605156578264
1327	0.1053605156578264
1328	0.1053605156578264
1329	0.1053605156578264
1330	0.1053605156578264
1331	0.1053605156578264
1332	0.1053605156578264
1333	0.1053605156578264
1334	0.1053605156578264
1335	0.1053605156578264
1336	0.1053605156578264
1337	0.1053605156578264
1338	0.1053605156578264
1339	0.1053605156578264
1340	0.1053605156578264
1341	0.1053605156578264
1342	0.1053605156578264
1343	0.1053605156578264
1344	0.1053605156578264
1345	0.1053605156578264
1346	0.1053605156578264
1347	0.1053605156578264
1348	0.1053605156578264
1349	0.1053605156578264
1350	0.1053605156578264
1351	0.1053605156578264
1352	0.1053605156578264
1353	0.1053605156578264
1354	0.1053605156578264
1355	0.1053605156578264
1356	0.1053605156578264
1357	0.1053605156578264
1358	0.1053605156578264
1359	0.1053605156578264
1360	0.1053605156578264
1361	0.1053605156578264
1362	0.1053605156578264
1363	0.1053605156578264
1364	0.1053605156578264
1365	0.1053605156578264
1366	0.1053605156578264
1367	0.1053605156578264
1368	0.1053605156578264
1369	0.1053605156578264
1370	0.1053605156578264
1371	0.1053605156578264
1372	0.1053605156578264
1373	0.1053605156578264
1374	0.1053605156578264
1375	0.1053605156578264
1376	0.1053605156578264
1377	0.1053605156578264
1378	0.1053605156578264
1379	0.1053605156578264
1380	0.1053605156578264
1381	0.1053605156578264
1382	0.1053605156578264
1383	0.1053605156578264
1384	0.1053605156578264
1385	0.1053605156578264
1386	0.1053605156578264
1387	0.1053605156578264
1388	0.1053605156578264
1389	0.1053605156578264
1390	0.1053605156578264
1391	0.1053605156578264
1392	0.1053605156578264
1393	0.1053605156578264
1394	0.1053605156578264
1395	0.1053605156578264
1396	0.1053605156578264
1397	0.1053605156578264
1398	0.1053605156578264
1399	0.1053605156578264
1400	0.1053605156578264
1401	0.1053605156578264
1402	0.1053605156578264
1403	0.1053605156578264
1404	0.1053605156578264
1405	0.1053605156578264
1406	0.1053605156578264
1407	0.1053605156578264
1408	0.1053605156578264
1409	0.1053605156578264
1410	0.1053605156578264
1411	0.1053605156578264
1412	0.1053605156578264
1413	0.1053605156578264
1414	0.1053605156578264
1415	0.1053605156578264
1416	0.1053605156578264
1417	0.1053605156578264
1418	0.1053605156578264
1419	0.1053605156578264
1420	0.1053605156578264
1421	0.1053605156578264
1422	0.1053605156578264
1423	0.1053605156578264
1424	0.1053605156578264
1425	0.1053605156578264
1426	0.1053605156578264
1427	0.1053605156578264
1428	0.1053605156578264
1429	0.1053605156578264
1430	0.1053605156578264
1431	0.1053605156578264
1432	0.1053605156578264
1433	0.1053605156578264
1434	0.1053605156578264
1435	0.1053605156578264
1436	0.1053605156578264
1437	0.1053605156578264
1438	0.1053605156578264
1439	0.1053605156578264
1440	0.1053605156578264
1441	0.1053605156578264
1442	0.1053605156578264
1443	0.1053605156578264
1444	0.1053605156578264
1445	0.1053605156578264
1446	0.1053605156578264
1447	0.1053605156578264
1448	0.1053605156578264
1449	0.1053605156578264
1450	0.1053605156578264
1451	0.1053605156578264
1452	0.1053605156578264
1453	0.1053605156578264
1454	0.1053605156578264
1455	0.1053605156578264
1456	0.1053605156578264
1457	0.1053605156578264
1458	0.1053605156578264
1459	0.1053605156578264
1460	0.1053605156578264
1461	0.1053605156578264
1462	0.1053605156578264
1463	0.1053605156578264
1464	0.1053605156578264
1465	0.1053605156578264
1466	0.1053605156578264
1467	0.1053605156578264
1468	0.1053605156578264
1469	0.1053605156578264
1470	0.1053605156578264
1471	0.1053605156578264
1472	0.1053605156578264
1473	0.1053605156578264
1474	0.1053605156578264
1475	0.1053605156578264
1476	0.1053605156578264
1477	0.1053605156578264
1478	0.1053605156578264
1479	0.1053605156578264
1480	0.1053605156578264
1481	0.1053605156578264
1482	0.1053605156578264
1483	0.1053605156578264
1484	0.1053605156578264
1485	0.1053605156578264
1486	0.1053605156578264
1487	0.1053605156578264
1488	0.1053605156578264
1489	0.1053605156578264
1490	0.1053605156578264
1491	0.1053605156578264
1492	0.1053605156578264
1493	0.1053605156578264
1494	0.1053605156578264
1495	0.1053605156578264
1496	0.1053605156578264
1497	0.1053605156578264
1498	0.1053605156578264
1499	0.1053605156578264
1500	0.1053605156578264
1501	0.1053605156578264
1502	0.1053605156578264
1503	0.1053605156578264
1504	0.1053605156578264
1505	0.1053605156578264
1506	0.1053605156578264
1507	0.1053605156578264
1508	0.1053605156578264
1509	0.1053605156578264
1510	0.1053605156578264
1511	0.1053605156578264
1512	0.1053605156578264
1513	0.1053605156578264
1514	0.1053605156578264
1515	0.1053605156578264
1516	0.1053605156578264
1517	0.1053605156578264
1518	0.1053605156578264
1519	0.1053605156578264
1520	0.1053605156578264
1521	0.1053605156578264
1522	0.1053605156578264
1523	0.1053605156578264
1524	0.1053605156578264
1525	0.1053605156578264
1526	0.1053605156578264
1527	0.1053605156578264
1528	0.1053605156578264
1529	0.1053605156578264
1530	0.1053605156578264
1531	0.1053605156578264
1532	0.1053605156578264
1533	0.1053605156578264
1534	0.1053605156578264
1535	0.1053605156578264
1536	0.1053605156578264
1537	0.1053605156578264
1538	0.1053605156578264
1539	0.1053605156578264
1540	0.1053605156578264
1541	0.1053605156578264
1542	0.1053605156578264
1543	0.1053605156578264
1544	0.1053605156578264
1545	0.1053605156578264
1546	0.1053605156578264
1547	0.1053605156578264
1548	0.1053605156578264
1549	0.1053605156578264
1550	0.1053605156578264
1551	0.1053605156578264
1552	0.1053605156578264
1553	0.1053605156578264
1554	0.1053605156578264
1555	0.1053605156578264
1556	0.1053605156578264
1557	0.1053605156578264
1558	0.1053605156578264
1559	0.1053605156578264
1560	0.1053605156578264
1561	0.1053605156578264
1562	0.1053605156578264
1563	0.1053605156578264
1564	0.1053605156578264
1565	0.1053605156578264
1566	0.1053605156578264
1567	0.1053605156578264
1568	0.1053605156578264
1569	0.1053605156578264
1570	0.1053605156578264
1571	0.1053605156578264
1572	0.1053605156578264
1573	0.1053605156578264
1574	0.1053605156578264
1575	0.1053605156578264
1576	0.1053605156578264
1577	0.1053605156578264
1578	0.1053605156578264
1579	0.1053605156578264
1580	0.1053605156578264
1581	0.1053605156578264
1582	0.1053605156578264
1583	0.1053605156578264
1584	0.1053605156578264
1585	0.1053605156578264
1586	0.1053605156578264
1587	0.1053605156578264
1588	0.1053605156578264
1589	0.1053605156578264
1590	0.1053605156578264
1591	0.1053605156578264
1592	0.1053605156578264
1593	0.1053605156578264
1594	0.1053605156578264
1595	0.1053605156578264
1596	0.1053605156578264
1597	0.1053605156578264
1598	0.1053605156578264
1599	0.1053605156578264
1600	0.1053605156578264
1601	0.1053605156578264
1602	0.1053605156578264
1603	0.1053605156578264
1604	0.1053605156578264
1605	0.1053605156578264
1606	0.1053605156578264
1607	0.1053605156578264
1608	0.1053605156578264
1609	0.1053605156578264
1610	0.1053605156578264
1611	0.1053605156578264
1612	0.1053605156578264
1613	0.1053605156578264
1614	0.1053605156578264
1615	0.1053605156578264
1616	0.1053605156578264
1617	0.1053605156578264
1618	0.1053605156578264
1619	0.1053605156578264
1620	0.1053605156578264
1621	0.1053605156578264
1622	0.1053605156578264
1623	0.1053605156578264
1624	0.1053605156578264
1625	0.1053605156578264
1626	0.1053605156578264
1627	0.1053605156578264
1628	0.1053605156578264
1629	0.1053605156578264
1630	0.1053605156578264
1631	0.1053605156578264
1632	0.1053605156578264
1633	0.1053605156578264
1634	0.1053605156578264
1635	0.1053605156578264
1636	0.1053605156578264
1637	0.1053605156578264
1638	0.1053605156578264
1639	0.1053605156578264
1640	0.1053605156578264
1641	0.1053605156578264
1642	0.1053605156578264
1643	0.1053605156578264
1644	0.1053605156578264
1645	0.1053605156578264
1646	0.1053605156578264
1647	0.1053605156578264
1648	0.1053605156578264
1649	0.1053605156578264
1650	0.1053605156578264
1651	0.1053605156578264
1652	0.1053605156578264
1653	0.1053605156578264
1654	0.1053605156578264
1655	0.1053605156578264
1656	0.1053605156578264
1657	0.1053605156578264
1658	0.1053605156578264
1659	0.1053605156578264
1660	0.1053605156578264
1661	0.1053605156578264
1662	0.1053605156578264
1663	0.1053605156578264
1664	0.1053605156578264
1665	0.1053605156578264
1666	0.1053605156578264
1667	0.1053605156578264
1668	0.1053605156578264
1669	0.1053605156578264
1670	0.1053605156578264
1671	0.1053605156578264
1672	0.1053605156578264
1673	0.1053605156578264
1674	0.1053605156578264
1675	0.1053605156578264
1676	0.1053605156578264
1677	0.1053605156578264
1678	0.1053605156578264
1679	0.1053605156578264
1680	0.1053605156578264
1681	0.1053605156578264
1682	0.1053605156578264
1683	0.1053605156578264
1684	0.1053605156578264
1685	0.1053605156578264
1686	0.1053605156578264
1687	0.1053605156578264
1688	0.1053605156578264
1689	0.1053605156578264
1690	0.1053605156578264
1691	0.1053605156578264
1692	0.1053605156578264
1693	0.1053605156578264
1694	0.1053605156578264
1695	0.1053605156578264
1696	0.1053605156578264
1697	0.1053605156578264
1698	0.1053605156578264
1699	0.1053605156578264
1700	0.1053605156578264
1701	0.1053605156578264
1702	0.1053605156578264
1703	0.1053605156578264
1704	0.1053605156578264
1705	0.1053605156578264
1706	0.1053605156578264
1707	0.1053605156578264
1708	0.1053605156578264
1709	0.1053605156578264
1710	0.1053605156578264
1711	0.1053605156578264
1712	0.1053605156578264
1713	0.1053605156578264
1714	0.1053605156578264
1715	0.1053605156578264
1716	0.1053605156578264
1717	0.1053605156578264
1718	0.1053605156578264
1719	0.1053605156578264
1720	0.1053605156578264
1721	0.1053605156578264
1722	0.1053605156578264
1723	0.1053605156578264
1724	0.1053605156578264
1725	0.1053605156578264
1726	0.1053605156578264
1727	0.1053605156578264
1728	0.1053605156578264
1729	0.1053605156578264
1730	0.1053605156578264
1731	0.1053605156578264
1732	0.1053605156578264
1733	0.1053605156578264
1734	0.1053605156578264
1735	0.1053605156578264
1736	0.1053605156578264
1737	0.1053605156578264
1738	0.1053605156578264
1739	0.1053605156578264
1740	0.1053605156578264
1741	0.1053605156578264
1742	0.1053605156578264
1743	0.1053605156578264
1744	0.1053605156578264
1745	0.1053605156578264
1746	0.1053605156578264
1747	0.1053605156578264
1748	0.1053605156578264
1749	0.1053605156578264
1750	0.1053605156578264
1751	0.1053605156578264
1752	0.1053605156578264
1753	0.1053605156578264
1754	0.1053605156578264
1755	0.1053605156578264
1756	0.1053605156578264
1757	0.1053605156578264
1758	0.1053605156578264
1759	0.1053605156578264
1760	0.1053605156578264
1761	0.1053605156578264
1762	0.1053605156578264
1763	0.1053605156578264
1764	0.1053605156578264
1765	0.1053605156578264
1766	0.1053605156578264
1767	0.1053605156578264
1768	0.1053605156578264
1769	0.1053605156578264
1770	0.1053605156578264
1771	0.1053605156578264
1772	0.1053605156578264
1773	0.1053605156578264
1774	0.1053605156578264
1775	0.1053605156578264
1776	0.1053605156578264
1777	0.1053605156578264
1778	0.1053605156578264
1779	0.1053605156578264
1780	0.1053605156578264
1781	0.1053605156578264
1782	0.1053605156578264
1783	0.1053605156578264
1784	0.1053605156578264
1785	0.1053605156578264
1786	0.1053605156578264
1787	0.1053605156578264
1788	0.1053605156578264
1789	0.1053605156578264
1790	0.1053605156578264
1791	0.1053605156578264
1792	0.1053605156578264
1793	0.1053605156578264
1794	0.1053605156578264
1795	0.1053605156578264
1796	0.1053605156578264
1797	0.1053605156578264
1798	0.1053605156578264
1799	0.1053605156578264
1800	0.1053605156578264
1801	0.1053605156578264
1802	0.1053605156578264
1803	0.1053605156578264
1804	0.1053605156578264
1805	0.1053605156578264
1806	0.1053605156578264
1807	0.1053605156578264
1808	0.1053605156578264
1809	0.1053605156578264
1810	0.1053605156578264
1811	0.1053605156578264
1812	0.1053605156578264
1813	0.1053605156578264
1814	0.1053605156578264
1815	0.1053605156578264
1816	0.1053605156578264
1817	0.1053605156578264
1818	0.1053605156578264
1819	0.1053605156578264
1820	0.1053605156578264
1821	0.1053605156578264
1822	0.1053605156578264
1823	0.1053605156578264
1824	0.1053605156578264
1825	0.1053605156578264
1826	0.1053605156578264
1827	0.1053605156578264
1828	0.1053605156578264
1829	0.1053605156578264
1830	0.1053605156578264
1831	0.1053605156578264
1832	0.1053605156578264
1833	0.1053605156578264
1834	0.1053605156578264
1835	0.1053605156578264
1836	0.1053605156578264
1837	0.1053605156578264
1838	0.1053605156578264
1839	0.1053605156578264
1840	0.1053605156578264
1841	0.1053605156578264
1842	0.1053605156578264
1843	0.1053605156578264
1844	0.1053605156578264
1845	0.1053605156578264
1846	0.1053605156578264
1847	0.1053605156578264
1848	0.1053605156578264
1849	0.1053605156578264
1850	0.1053605156578264
1851	0.1053605156578264
1852	0.1053605156578264
1853	0.1053605156578264
1854	0.1053605156578264
1855	0.1053605156578264
1856	0.1053605156578264
1857	0.1053605156578264
1858	0.1053605156578264
1859	0.1053605156578264
1860	0.1053605156578264
1861	0.1053605156578264
1862	0.1053605156578264
1863	0.1053605156578264
1864	0.1053605156578264
1865	0.1053605156578264
1866	0.1053605156578264
1867	0.1053605156578264
1868	0.1053605156578264
1869	0.1053605156578264
1870	0.1053605156578264
1871	0.1053605156578264
1872	0.1053605156578264
1873	0.1053605156578264
1874	0.1053605156578264
1875	0.1053605156578264
1876	0.1053605156578264
1877	0.1053605156578264
1878	0.1053605156578264
1879	0.1053605156578264
1880	0.1053605156578264
1881	0.1053605156578264
1882	0.1053605156578264
1883	0.1053605156578264
1884	0.1053605156578264
1885	0.1053605156578264
1886	0.1053605156578264
1887	0.1053605156578264
1888	0.1053605156578264
1889	0.1053605156578264
1890	0.1053605156578264
1891	0.1053605156578264
1892	0.1053605156578264
1893	0.1053605156578264
1894	0.1053605156578264
1895	0.1053605156578264
1896	0.1053605156578264
1897	0.1053605156578264
1898	0.1053605156578264
1899	0.1053605156578264
1900	0.1053605156578264
1901	0.1053605156578264
1902	0.1053605156578264
1903	0.1053605156578264
1904	0.1053605156578264
1905	0.1053605156578264
1906	0.1053605156578264
1907	0.1053605156578264
1908	0.1053605156578264
1909	0.1053605156578264
1910	0.1053605156578264
1911	0.1053605156578264
1912	0.1053605156578264
1913	0.1053605156578264
1914	0.1053605156578264
1915	0.1053605156578264
1916	0.1053605156578264
1917	0.1053605156578264
1918	0.1053605156578264
1919	0.1053605156578264
1920	0.1053605156578264
1921	0.1053605156578264
1922	0.1053605156578264
1923	0.1053605156578264
1924	0.1053605156578264
1925	0.1053605156578264
1926	0.1053605156578264
1927	0.1053605156578264
1928	0.1053605156578264
1929	0.1053605156578264
1930	0.1053605156578264
1931	0.1053605156578264
1932	0.1053605156578264
1933	0.1053605156578264
1934	0.1053605156578264
1935	0.1053605156578264
1936	0.1053605156578264
1937	0.1053605156578264
1938	0.1053605156578264
1939	0.1053605156578264
1940	0.1053605156578264
1941	0.1053605156578264
1942	0.1053605156578264
1943	0.1053605156578264
1944	0.1053605156578264
1945	0.1053605156578264
1946	0.1053605156578264
1947	0.1053605156578264
1948	0.1053605156578264
1949	0.1053605156578264
1950	0.1053605156578264
1951	0.1053605156578264
1952	0.1053605156578264
1953	0.1053605156578264
1954	0.1053605156578264
1955	0.1053605156578264
1956	0.1053605156578264
1957	0.1053605156578264
1958	0.1053605156578264
1959	0.1053605156578264
1960	0.1053605156578264
1961	0.1053605156578264
1962	0.1053605156578264
1963	0.1053605156578264
1964	0.1053605156578264
1965	0.1053605156578264
1966	0.1053605156578264
1967	0.1053605156578264
1968	0.1053605156578264
1969	0.1053605156578264
1970	0.1053605156578264
1971	0.1053605156578264
1972	0.1053605156578264
1973	0.1053605156578264
1974	0.1053605156578264
1975	0.1053605156578264
1976	0.1053605156578264
1977	0.1053605156578264
1978	0.1053605156578264
1979	0.1053605156578264
1980	0.1053605156578264
1981	0.1053605156578264
1982	0.1053605156578264
1983	0.1053605156578264
1984	0.1053605156578264
1985	0.1053605156578264
1986	0.1053605156578264
1987	0.1053605156578264
1988	0.1053605156578264
1989	0.1053605156578264
1990	0.1053605156578264
1991	0.1053605156578264
1992	0.1053605156578264
1993	0.1053605156578264
1994	0.1053605156578264
1995	0.1053605156578264
1996	0.1053605156578264
1997	0.1053605156578264
1998	0.1053605156578264
1999	0.1053605156578264
2000	0.1053605156578264
