0	-0.3431078543771732
1	-0.33677988682201654
2	-0.3840438651925707
3	-0.37622712574578926
4	-0.3814418035300895
5	-0.37382782439853307
6	-0.36948591758745686
7	-0.3624153423441042
8	-0.38809936036334586
9	-0.380366897836961
10	-0.33297491268169443
11	-0.32732074515731585
12	-0.31352749190400503
13	-0.30854024633332644
14	-0.2743446981587406
15	-0.2705410393404974
16	-0.3134215783246744
17	-0.30847746909452045
18	-0.32620397914952515
19	-0.32086938661716546
20	-0.31320389096323115
21	-0.3083032896827887
22	-0.2893720322851963
23	-0.28520193656287496
24	-0.3062374108554117
25	-0.30158318308241244
26	-0.2792758734330527
27	-0.27541725909512005
28	-0.28886387111834005
29	-0.28475017969739674
30	-0.24928052096780723
31	-0.2462265907072062
32	-0.2677409905366993
33	-0.2642308188715113
34	-0.2707264564765132
35	-0.267151642571782
36	-0.26944672375430395
37	-0.26592045144272186
38	-0.26622423682411045
39	-0.26279708695871973
40	-0.24838271795935843
41	-0.24541290347951955
42	-0.24787397046382548
43	-0.24493020321304482
44	-0.2437823705031853
45	-0.24094898687964264
46	-0.24329573884265734
47	-0.24048822932054756
48	-0.22935013145958266
49	-0.22686829817226112
50	-0.24407706298296603
51	-0.24128198325799566
52	-0.24973306829826847
53	-0.24682470147410637
54	-0.23301242680612022
55	-0.23049605248386626
56	-0.22648423147438226
57	-0.22412143246002625
58	-0.21579621806368432
59	-0.21366426214503473
60	-0.21155984011158555
61	-0.20952328141756627
62	-0.22768741103494933
63	-0.22534379056572842
64	-0.21597427486548892
65	-0.21387977183272391
66	-0.20627494650981287
67	-0.20437692749591307
68	-0.2120160839131944
69	-0.2100243253458979
70	-0.19738844035108635
71	-0.19567361382482354
72	-0.2005326176206636
73	-0.19877446501908658
74	-0.2137794126309337
75	-0.21179533400625997
76	-0.18708352687228427
77	-0.18557467681698153
78	-0.20025236389042142
79	-0.19853536222866588
80	-0.18950354748563983
81	-0.1879766915890159
82	-0.18285829352891067
83	-0.18144628140457594
84	-0.18952618676828706
85	-0.18801967344272907
86	-0.18070132607706257
87	-0.17934132192706215
88	-0.18373795202219248
89	-0.1823414865089465
90	-0.18548448690837244
91	-0.1840713335675664
92	-0.18378780706242748
93	-0.18241024268203165
94	-0.18324239445802895
95	-0.18188274482841532
96	-0.1675652278973656
97	-0.16643615847796717
98	-0.17385096358959906
99	-0.17264374101103777
100	-0.16513803112087758
101	-0.16405615872641843
102	-0.17440424645006683
103	-0.17320568460046828
104	-0.1720195333344331
105	-0.17086165800747907
106	-0.1626440947526504
107	-0.16161604912929886
108	-0.1576053722375148
109	-0.15664634695832186
110	-0.16752125542019522
111	-0.16644488736450883
112	-0.16246065518624206
113	-0.16145521372745994
114	-0.153733497702749
115	-0.15283908279326608
116	-0.1642988540186087
117	-0.1632839217965299
118	-0.14914631596857061
119	-0.14831546719713357
120	-0.15120229606417743
121	-0.15035370228350878
122	-0.15593331572584218
123	-0.1550365355734497
124	-0.16230858647307847
125	-0.16134339535514072
126	-0.1469469381109722
127	-0.14616100275596555
128	-0.149814051184592
129	-0.14900221607126748
130	-0.14995113874750363
131	-0.14914293778711
132	-0.14313666209211873
133	-0.14240482368343652
134	-0.14683088588685475
135	-0.14606546767551687
136	-0.14785563496478393
137	-0.1470843123665031
138	-0.14463757858103835
139	-0.1439040388128123
140	-0.1431764515618153
141	-0.14246203384771294
142	-0.14340162910336954
143	-0.14268930104984337
144	-0.13790270145197092
145	-0.13724789984190758
146	-0.13659811045601594
147	-0.13595937472691272
148	-0.1321224953496058
149	-0.1315283457804439
150	-0.1333192236241881
151	-0.13271765287713902
152	-0.12976119294250535
153	-0.12919448886108356
154	-0.13798685068980532
155	-0.13734960984538952
156	-0.13131027093481598
157	-0.1307365181563007
158	-0.1309325468609854
159	-0.1303652523371475
160	-0.12069306888367595
161	-0.12021363341693103
162	-0.1250087750198217
163	-0.1244970897925456
164	-0.12324192385617173
165	-0.12274721130690792
166	-0.12373765447736734
167	-0.12324154812314576
168	-0.12715885405497906
169	-0.12663768928374228
170	-0.11882987494232829
171	-0.11837713252427703
172	-0.12950292377705722
173	-0.12896796255855214
174	-0.12556656925996743
175	-0.125066344235405
176	-0.11816299871227559
177	-0.11772231306980477
178	-0.12293661800192109
179	-0.12246199891120776
180	-0.1219904305318263
181	-0.12152548824283871
182	-0.12454233714926187
183	-0.12406022660826185
184	-0.1222004369925977
185	-0.12173868651534246
186	-0.12539103606169133
187	-0.12490735554363923
188	-0.11966730533058038
189	-0.11922904146264252
190	-0.12014339639983497
191	-0.11970383876882369
192	-0.11524674777967164
193	-0.11484428176527557
194	-0.11910179272493084
195	-0.11867402555191767
196	-0.11428519841658508
197	-0.11389324770691976
198	-0.11219138507301991
199	-0.11181543847714498
200	-0.11861037939940917
201	-0.1181921617224865
202	-0.11842356158118422
203	-0.11800869597653674
204	-0.1156684838255985
205	-0.1152746105983855
206	-0.10977710028723339
207	-0.10942398626955525
208	-0.11034108942797655
209	-0.10998594519390716
210	-0.10459215832732888
211	-0.10427447490931285
212	-0.10959473456952999
213	-0.10946491801693538
214	-0.10443716441696635
215	-0.10441467567385208
216	-0.11126836171321497
217	-0.1112429154302451
218	-0.1143416049320899
219	-0.1143148233855794
220	-0.11428809389193025
221	-0.11426142877988577
222	-0.11048941158994081
223	-0.11046457413004981
224	-0.11043978314469222
225	-0.1104150496141667
226	-0.1135087340743175
227	-0.11348269293519744
228	-0.10909298237667446
229	-0.10906900852261561
230	-0.10966819345423261
231	-0.1096440444861244
232	-0.11273414288635779
233	-0.11270870790672581
234	-0.108325402554309
235	-0.10830199581909172
236	-0.10890092254546492
237	-0.10887734205139872
238	-0.10947582623969787
239	-0.10945207257497153
240	-0.10507609790889941
241	-0.10505428516676638
242	-0.10689699305568746
243	-0.10687448755467306
244	-0.10809448744778218
245	-0.1080715470957372
246	-0.11239543261009803
247	-0.11237070928595175
248	-0.10675976523992466
249	-0.10673753179775128
250	-0.10981752768200816
251	-0.10979407595186286
252	-0.11039084002382904
253	-0.11036721862905718
254	-0.11034364023331712
255	-0.11032011477892346
256	-0.110916276055379
257	-0.11089258198921717
258	-0.11024955160336411
259	-0.11022621672637174
260	-0.10896468894669419
261	-0.10894196739824956
262	-0.10644384806302441
263	-0.10642223369717846
264	-0.10763787388088378
265	-0.10761583986142036
266	-0.10759384454470147
267	-0.10757189680727336
268	-0.11064050442294969
269	-0.11061736823873
270	-0.11244780899665884
271	-0.11242398688951251
272	-0.1080771233354916
273	-0.10805518766152145
274	-0.10556395805540109
275	-0.10554309521937809
276	-0.11169316088121897
277	-0.11166987611632352
278	-0.10794563998510467
279	-0.10792396050808906
280	-0.10790231876287695
281	-0.10788072331845534
282	-0.11032451773263155
283	-0.11030201139050563
284	-0.10966345810334098
285	-0.10964129031117949
286	-0.10900332352863251
287	-0.1089814898949698
288	-0.10526614541120971
289	-0.1052458458107492
290	-0.1101484145421664
291	-0.11012625488268343
292	-0.11379477554910176
293	-0.1137711983686843
294	-0.10944369827214978
295	-0.10942195922118651
296	-0.11431712354039009
297	-0.11429347888460534
298	-0.10628327282893041
299	-0.1062628997654817
300	-0.10624256102396393
301	-0.10622226429287981
302	-0.11049919250581006
303	-0.11047730255437133
304	-0.11291001639006534
305	-0.11288723173975777
306	-0.1061171541611521
307	-0.10609709152648103
308	-0.10975603567558896
309	-0.10973463735839134
310	-0.11032619928785646
311	-0.1103046442308255
312	-0.10967044245577735
313	-0.10964920818708886
314	-0.10717822245941601
315	-0.10715800388549336
316	-0.1077500353139306
317	-0.10772966121609985
318	-0.1064853518363796
319	-0.10646551248246487
320	-0.108892733788579
321	-0.10887204854134463
322	-0.11252054661071029
323	-0.11249852684931307
324	-0.10575240427351545
325	-0.10573301366435191
326	-0.10938002439802155
327	-0.10935934135019697
328	-0.1062845398940605
329	-0.10626506944302809
330	-0.10990927343747377
331	-0.10988851333972648
332	-0.10437439904166701
333	-0.10435573320019813
334	-0.10982852356375178
335	-0.1098079154534571
336	-0.11039727184915696
337	-0.11037651229837499
338	-0.1054781840668842
339	-0.10545929005117773
340	-0.10787835554038357
341	-0.10785864886538189
342	-0.1096667539776308
343	-0.1096464484244559
344	-0.11023521123184264
345	-0.110214755812127
346	-0.10593267545218012
347	-0.10591384183540532
348	-0.10772081514949661
349	-0.10770139637826658
350	-0.10403177182523975
351	-0.10401371285913745
352	-0.10642832997462316
353	-0.10640948268519507
354	-0.10821450580503152
355	-0.10819507666999721
356	-0.10635249376634219
357	-0.10633378208550172
358	-0.11056770451236567
359	-0.11054753838102771
360	-0.1056690583951782
361	-0.10565069395496784
362	-0.11170318397758264
363	-0.11168272093241749
364	-0.1086279908610598
365	-0.10860869669012192
366	-0.10555620959202665
367	-0.10553804392580526
368	-0.10551990702117241
369	-0.10550180503572143
370	-0.10548373165706823
371	-0.10546569300190317
372	-0.10241757697230681
373	-0.10240061934909736
374	-0.10783607339049528
375	-0.10781732559045307
376	-0.10477055714512216
377	-0.1047529106026202
378	-0.10594610419961066
379	-0.10592810967859978
380	-0.11256735251133579
381	-0.11254709604286882
382	-0.1064770415060082
383	-0.10645897120794079
384	-0.10039314933526665
385	-0.10037712987543441
386	-0.10580240051950839
387	-0.10578465576061213
388	-0.10758008625515414
389	-0.10756179145959237
390	-0.1045226401385224
391	-0.1045054191403765
392	-0.10992402824377921
393	-0.10990503409864844
394	-0.1080747617962381
395	-0.10805645419090341
396	-0.10743461040551283
397	-0.10741657022869681
398	-0.1067951957732298
399	-0.10677741976743146
400	-0.11037864346266901
401	-0.11035970775732207
402	-0.10491420574551466
403	-0.10489714743644035
404	-0.1103049487866357
405	-0.11028614437055025
406	-0.1078571544307765
407	-0.10783922678479103
408	-0.10962838861572252
409	-0.10960991934906121
410	-0.10778502653003616
411	-0.10776722382098766
412	-0.10895335339496344
413	-0.10893521353959029
414	-0.10470483867534545
415	-0.1046881329034806
416	-0.10828081284801266
417	-0.10826299506671434
418	-0.10824520513599539
419	-0.10822744882987975
420	-0.10580505977742258
421	-0.10578814218069091
422	-0.11238195349147889
423	-0.11236291974271784
424	-0.10333237260859032
425	-0.1033163267911579
426	-0.1069038037672462
427	-0.10688667538657541
428	-0.10386761893555051
429	-0.10385149380366457
430	-0.1044355972144301
431	-0.10441933862906638
432	-0.1020030329365867
433	-0.10198756421614982
434	-0.10497129794489152
435	-0.10495495869608192
436	-0.10493864387836208
437	-0.10492235850309785
438	-0.10910234133276278
439	-0.10908478530104104
440	-0.10667017391268858
441	-0.10665343831483026
442	-0.10483947980781513
443	-0.1048233574143617
444	-0.10301056308811112
445	-0.10299503958814737
446	-0.10477569344443484
447	-0.10475967539372218
448	-0.10713782232155002
449	-0.10712111842494917
450	-0.10171930033149652
451	-0.10170428378909648
452	-0.10767101162016021
453	-0.10765422993859015
454	-0.10763747366003569
455	-0.107620747936797
456	-0.10939744827810202
457	-0.1093802180299499
458	-0.10219166900991596
459	-0.1021766748082635
460	-0.10992838115781878
461	-0.10991107563330259
462	-0.10571305443205394
463	-0.10569709452605298
464	-0.10269581471573397
465	-0.10268079256104183
466	-0.1062471567405148
467	-0.10623111914052256
468	-0.10442496303061585
469	-0.10440951182431003
470	-0.10558715827533231
471	-0.10557140243123962
472	-0.1103265473987025
473	-0.11030939089648156
474	-0.10552286556862286
475	-0.10550721335852577
476	-0.10429958870253597
477	-0.10428433730580496
478	-0.10843987220370041
479	-0.10842342882919372
480	-0.10781136714436405
481	-0.1077951574592826
482	-0.10241979645512865
483	-0.10240520625575425
484	-0.11012946380111649
485	-0.11011263751518398
486	-0.10712027353313662
487	-0.10710439731633457
488	-0.10470879899772939
489	-0.10469366946853345
490	-0.10646285530518831
491	-0.10644725504811088
492	-0.1058370871332958
493	-0.10582171004940047
494	-0.10342868429347679
495	-0.10341403712416249
496	-0.10518215907918965
497	-0.10516704957235075
498	-0.10455788283470441
499	-0.10454299058395344
500	-0.10215248043480521
501	-0.10213830175001803
502	-0.10628035785247081
503	-0.10626504864271259
504	-0.1056561874186404
505	-0.1056410967033435
506	-0.10265900434042449
507	-0.10264479418640539
508	-0.10263060376720366
509	-0.10261643696102159
510	-0.1055676738955631
511	-0.10555272218530473
512	-0.10613070071230402
513	-0.10611562785348515
514	-0.10787879849963877
515	-0.10786326518606298
516	-0.10251462370364849
517	-0.10250063313738773
518	-0.10130184494015382
519	-0.10128821726132137
520	-0.10482810312604529
521	-0.10481354607806895
522	-0.1089436030716939
523	-0.1089279205659342
524	-0.10832034645855852
525	-0.10830488354439338
526	-0.10710595182890822
527	-0.10709087303514378
528	-0.10352634123308171
529	-0.10351228959964784
530	-0.10586393180270884
531	-0.10584927507515658
532	-0.10524338402691114
533	-0.10522893536216481
534	-0.10462341416766602
535	-0.104609171188211
536	-0.10695867562054207
537	-0.10694382708518406
538	-0.10279362392050453
539	-0.10277994414738395
540	-0.10571933709189918
541	-0.10570490315652413
542	-0.10510003972615208
543	-0.10508581030999489
544	-0.10152986128405012
545	-0.10151661523614633
546	-0.10150338691391837
547	-0.10149017972565937
548	-0.10737681519405488
549	-0.10736207123910116
550	-0.10321860393760998
551	-0.10320501430861237
552	-0.10201211231544598
553	-0.1019988709192379
554	-0.10375418446745334
555	-0.10374052009503265
556	-0.10608430324606578
557	-0.10607005336054776
558	-0.10252062913294163
559	-0.10250735371917928
560	-0.10543932872340651
561	-0.10542532073139319
562	-0.10717800236912689
563	-0.10716356460056226
564	-0.10185056279243665
565	-0.10183755728499995
566	-0.10417889430023056
567	-0.10416532002897988
568	-0.10944761653898855
569	-0.1094326714123903
570	-0.10706467766387867
571	-0.10705041279575964
572	-0.10350750284118009
573	-0.10349420336198682
574	-0.10230500212596667
575	-0.10229204124529989
576	-0.10992063926209632
577	-0.1099057130311767
578	-0.10460194555281223
579	-0.1045884632446799
580	-0.10339999911737352
581	-0.1033868569098133
582	-0.1051357844414806
583	-0.10512223004408934
584	-0.10393429514461651
585	-0.10392108107776447
586	-0.10508198502844089
587	-0.10506851014370092
588	-0.1074026523664802
589	-0.10738861012736575
590	-0.1044408553024601
591	-0.10442760974377839
592	-0.10089479596336128
593	-0.10088246429166868
594	-0.10321596591161182
595	-0.10320309047791001
596	-0.10553546453428714
597	-0.10552203606413622
598	-0.1019916714522651
599	-0.1019791600272281
600	-0.10431072609107446
601	-0.10429767004777073
602	-0.10721397487799374
603	-0.1072002151472574
604	-0.10367216350196802
605	-0.10365932938191884
606	-0.10247536508759579
607	-0.10246285533503834
608	-0.10537751499576052
609	-0.10536431781494061
610	-0.10476585410506582
611	-0.1047528411055421
612	-0.10298442890812513
613	-0.10297188471928287
614	-0.10178936412072558
615	-0.1017771381344694
616	-0.1023497837196212
617	-0.1023374514437994
618	-0.10349456515032451
619	-0.10348198489256716
620	-0.10639228598134778
621	-0.1063790228133121
622	-0.10461249529530772
623	-0.10459970308479273
624	-0.10166550507335831
625	-0.10165345200583337
626	-0.10339385244149518
627	-0.1033814148716153
628	-0.1016169765288226
629	-0.10160499083233092
630	-0.10684783172740861
631	-0.10683461098175757
632	-0.10857257845753311
633	-0.1085589604634507
634	-0.10854536086782163
635	-0.10853178303711959
636	-0.10385077304773958
637	-0.1038383745180686
638	-0.10965891286627559
639	-0.10964512127110565
640	-0.10263360277797695
641	-0.10262155121481327
642	-0.10319252357129012
643	-0.103180368487422
644	-0.10141961486237247
645	-0.1014079009630815
646	-0.10139620173417957
647	-0.10138451984490915
648	-0.1037032629684398
649	-0.10369107125045114
650	-0.10833862072939221
651	-0.1083253457882389
652	-0.10423582714356038
653	-0.10422356817833123
654	-0.10130039404987634
655	-0.101288842632384
656	-0.10535167993689216
657	-0.10533921444446342
658	-0.10241718590282316
659	-0.10240543268203565
660	-0.1035572589030587
661	-0.10354526995380176
662	-0.10295164845229715
663	-0.10293982653605249
664	-0.1058355906533578
665	-0.10582312576691677
666	-0.09941552616349833
667	-0.09940455323536714
668	-0.10520608444859127
669	-0.10519382328095851
670	-0.10866825994396008
671	-0.10865520905624715
672	-0.1039943818003613
673	-0.10398245792111635
674	-0.09816213852591936
675	-0.0981515387530308
676	-0.10510953987032139
677	-0.1050974131415184
678	-0.09986006584006914
679	-0.09984914528899742
680	-0.09983823792383051
681	-0.09982734610145931
682	-0.10271810890643657
683	-0.10270660503341762
684	-0.10095452023765462
685	-0.10094343296912879
686	-0.10383271433515744
687	-0.10382101190051664
688	-0.10032968193951373
689	-0.10031878050933622
690	-0.10494640747227019
691	-0.10493450600956773
692	-0.10260388761712032
693	-0.10259253751687238
694	-0.1072176398600832
695	-0.107205273960955
696	-0.10487523909696281
697	-0.10486343516412117
698	-0.10369306431316776
699	-0.10368155128368806
700	-0.10482837712430286
701	-0.10481663716486887
702	-0.1065420098759013
703	-0.10652991061217122
704	-0.10420222178108186
705	-0.10419067476861252
706	-0.10302159605353212
707	-0.1030103346532068
708	-0.10589231982639706
709	-0.10588044870045395
710	-0.10239749110605047
711	-0.10238641591921178
712	-0.10295374601240419
713	-0.10294257493985866
714	-0.10640101583202359
715	-0.10638911075064796
716	-0.10175212410432588
717	-0.10174126141840416
718	-0.10230842549593491
719	-0.10229746777061477
720	-0.10517597308609053
721	-0.10516441806057536
722	-0.10053077286142693
723	-0.10052023966969847
724	-0.10397557132280281
725	-0.10396432830909895
726	-0.10164303017506374
727	-0.1016323098049933
728	-0.10566337050463659
729	-0.10565181064376164
730	-0.10679480352944225
731	-0.10678302149218094
732	-0.10561697036954402
733	-0.10560547302480106
734	-0.09982382650955698
735	-0.0998135788083461
736	-0.1009571389388557
737	-0.1009466795594461
738	-0.10266656792399502
739	-0.10265577464223974
740	-0.10610493791148655
741	-0.10609343485631867
742	-0.09858702591955229
743	-0.09857711734308115
744	-0.10087288610054501
745	-0.1008625344794519
746	-0.10315738802239502
747	-0.1031465854353717
748	-0.10140726289413074
749	-0.10139684648831074
750	-0.10081038299879998
751	-0.10080011091333707
752	-0.104245502849199
753	-0.10423454229602226
754	-0.10422359496044716
755	-0.10421266311592736
756	-0.09786904173552488
757	-0.09785942329354944
758	-0.10360568722871755
759	-0.10359493055495446
760	-0.1041596544327918
761	-0.10414880613577415
762	-0.09780914389201675
763	-0.09779959885297174
764	-0.10296718561623078
765	-0.10295662917933003
766	-0.10467143861379645
767	-0.10466055344567318
768	-0.09947469710917166
769	-0.09946488737659484
770	-0.10232951336148033
771	-0.10231915418656508
772	-0.10518265004552627
773	-0.105171728653535
774	-0.1074594175652435
775	-0.10744804336214381
776	-0.09652065649254477
777	-0.09651150037073374
778	-0.09994886698646216
779	-0.09993906874534483
780	-0.10682095626267987
781	-0.10680978782985305
782	-0.10679863297748954
783	-0.10678749400857789
784	-0.10390603607703022
785	-0.10389551562865963
786	-0.10273710695799362
787	-0.10272684402580678
788	-0.1009950859077234
789	-0.1009851891346842
790	-0.1061388135344399
791	-0.10612790601263129
792	-0.10210177331665694
793	-0.10209170180424386
794	-0.10036116480545852
795	-0.10035145424138393
796	-0.1020618990478615
797	-0.10205187743412918
798	-0.10032206060376554
799	-0.1003123980828326
800	-0.10144906358595084
801	-0.10143920320141932
802	-0.10314849566903193
803	-0.10313832349202377
804	-0.10255522887035257
805	-0.10254519467332288
806	-0.10196234984100874
807	-0.10195245219692993
808	-0.10251527691603216
809	-0.10250529257670703
810	-0.10135012060165335
811	-0.10134038239941302
812	-0.09961318650920716
813	-0.09960379870516102
814	-0.09673251269505126
815	-0.09672367796807457
816	-0.10472673407978107
817	-0.10471639946141148
818	-0.10356174820576622
819	-0.10355166380202863
820	-0.09782106114253322
821	-0.09781208261322355
822	-0.09780311385860976
823	-0.09779415650610522
824	-0.10121626885421219
825	-0.10120669458455904
826	-0.10291233668817742
827	-0.10290245927179009
828	-0.10632234623581102
829	-0.1063118255284251
830	-0.10115770509192153
831	-0.10114820205714745
832	-0.10285292507993989
833	-0.10284312105396567
834	-0.10169073564082946
835	-0.1016811718486523
836	-0.09938686331807838
837	-0.09937774669448508
838	-0.10736381800244668
839	-0.1073532008152086
840	-0.10163288362521541
841	-0.10162339011317471
842	-0.1050390951046843
843	-0.10502897545503598
844	-0.10501886749179809
845	-0.10500877313856943
846	-0.1032867552570968
847	-0.10327701172131912
848	-0.10326727922500674
849	-0.10325755958211259
850	-0.1038182810529842
851	-0.10380847779468014
852	-0.09980642853447735
853	-0.0997973870594709
854	-0.10435010884260704
855	-0.10434024529252828
856	-0.10433039298322809
857	-0.10432055375446327
858	-0.10602073762123601
859	-0.10601059822659002
860	-0.10258110052814237
861	-0.10257162838108413
862	-0.10256216681020491
863	-0.10255271754182786
864	-0.10026453928146699
865	-0.10025552704932825
866	-0.10423360231544913
867	-0.10422388199981482
868	-0.10250574361603883
869	-0.10249636234352769
870	-0.1002095027926005
871	-0.10020055532457244
872	-0.1007608881173036
873	-0.10075185992795112
874	-0.10131201017244423
875	-0.10130290120831108
876	-0.10243193482228902
877	-0.10242264208274601
878	-0.10298232272358694
879	-0.10297294891326476
880	-0.10296358550830732
881	-0.10295423419277729
882	-0.09896359903058331
883	-0.098954977653114
884	-0.09894636545256255
885	-0.09893776391211395
886	-0.10404619762923269
887	-0.10403670525580011
888	-0.09663731143213017
889	-0.09662913940795123
890	-0.10287292134728704
891	-0.10286367845127098
892	-0.10114967592037655
893	-0.10114075812253366
894	-0.09772291121235126
895	-0.09771460387786934
896	-0.0982743651340993
897	-0.09826597990138156
898	-0.10450519675106451
899	-0.10449573294933448
900	-0.10051125818580095
901	-0.10050252175350384
902	-0.09879051002117178
903	-0.09878208672223546
904	-0.09820600749662449
905	-0.09819769963866032
906	-0.09875696924401478
907	-0.09874858403096821
908	-0.10384745973125226
909	-0.10383820578703064
910	-0.10099210515261964
911	-0.10098337074745714
912	-0.09927282582022581
913	-0.09926440282910733
914	-0.10379340531698049
915	-0.10378421563721059
916	-0.10207380594641682
917	-0.10206493613178375
918	-0.09581931568975316
919	-0.09581151491557088
920	-0.10260635318052053
921	-0.10259742497156081
922	-0.10428886840625584
923	-0.10427966337111227
924	-0.10823727974625738
925	-0.10822738462586334
926	-0.10311824681004982
927	-0.10310928420543647
928	-0.09630250727080415
929	-0.09629470573541678
930	-0.09855248648963404
931	-0.09854433138670235
932	-0.10080138436149547
933	-0.10079286908923994
934	-0.10304917995178862
935	-0.10304029801158188
936	-0.10020089197899297
937	-0.10019251084161906
938	-0.1030141988936447
939	-0.10300535765327139
940	-0.10356244090284675
941	-0.10355352300092859
942	-0.10297879716781909
943	-0.10296999701059373
944	-0.10126404355705657
945	-0.10125555079441323
946	-0.1006814409130604
947	-0.10067306186304409
948	-0.10405788343834851
949	-0.10404895028934508
950	-0.09442763301792587
951	-0.0944202912798266
952	-0.09893573310794
953	-0.09892768825791501
954	-0.10400694803193414
955	-0.10399807422634014
956	-0.10229373373104389
957	-0.10228516683976441
958	-0.0988862241870266
959	-0.09887823405979922
960	-0.10226008931471038
961	-0.10225156081319911
962	-0.10393767736141696
963	-0.10392888390747188
964	-0.10392009988154888
965	-0.103911326752109
966	-0.09882037243504108
967	-0.09881245477208546
968	-0.10332132437097963
969	-0.10331268534687617
970	-0.09935253425309876
971	-0.09934456171605088
972	-0.10102983477046353
973	-0.10102160630268715
974	-0.10665659230873503
975	-0.10664743940869995
976	-0.09591804448591763
977	-0.09591065659639571
978	-0.10098050822129655
979	-0.1009723348234247
980	-0.10265630679522614
981	-0.10264787597967778
982	-0.10038364183399512
983	-0.10037559571526425
984	-0.10093142052803607
985	-0.10092330172900313
986	-0.10091519128841521
987	-0.10090709049588449
988	-0.09751690871393585
989	-0.09750935858612295
990	-0.09975619320081183
991	-0.09974830684318654
992	-0.099740428486219
993	-0.09973255936126785
994	-0.10254178008062749
995	-0.10253347831040063
996	-0.10027188440687652
997	-0.1002639612921814
998	-0.10025604623264425
999	-0.10024814046467195
1000	-0.1008033901559694
1001	-0.1007954128034486
1002	-0.09966132689979683
1003	-0.09965354392546175
1004	-0.10020873923726678
1005	-0.10020088515620933
1006	-0.10131880350674959
1007	-0.10131078945953594
1008	-0.09961440387729548
1009	-0.09960667175816765
1010	-0.09453459414417459
1011	-0.09452764331737576
1012	-0.10352267045036317
1013	-0.10351434988367958
1014	-0.09731817701522752
1015	-0.09731083793351017
1016	-0.10180309012297588
1017	-0.10179507358894889
1018	-0.1023494247245007
1019	-0.10234133720472054
1020	-0.10570688187621721
1021	-0.10569827145882985
1022	-0.10119223738755267
1023	-0.10118436207906208
1024	-0.09611767000932048
1025	-0.09611057794283948
1026	-0.10172357998435441
1027	-0.10171565072555092
1028	-0.10002196605119724
1029	-0.1000143141953224
1030	-0.09775932907881373
1031	-0.09775203292304044
1032	-0.10223875509112794
1033	-0.102230789427433
1034	-0.09772952058385277
1035	-0.09772225567423913
1036	-0.09883815872381906
1037	-0.09883074141320891
1038	-0.10275380479777331
1039	-0.1027458027651861
1040	-0.09431667702119911
1041	-0.0943099476944292
1042	-0.10047784056528537
1043	-0.10047021665882516
1044	-0.09990135676784247
1045	-0.09989383394252674
1046	-0.10156979583820654
1047	-0.10156203387664936
1048	-0.1004321329769648
1049	-0.10042455798267134
1050	-0.10153896805449952
1051	-0.10153123939114983
1052	-0.10152351847580912
1053	-0.10151580647019637
1054	-0.0998256474547219
1055	-0.09981820500238592
1056	-0.10149297385746969
1057	-0.10148529472631689
1058	-0.0997956737105527
1059	-0.09978826294584954
1060	-0.09809915957598937
1061	-0.09809201158880577
1062	-0.09808487049116923
1063	-0.09807773731209687
1064	-0.10311424242368583
1065	-0.10310637309471837
1066	-0.09973660373202271
1067	-0.09972925519516636
1068	-0.09916167836754392
1069	-0.09915442741373567
1070	-0.09578626202275478
1071	-0.09577950838566578
1072	-0.09857313420502298
1073	-0.09856599429195463
1074	-0.09519890007529513
1075	-0.09519225240474288
1076	-0.10190459521045048
1077	-0.10189699125696976
1078	-0.09965006749960006
1079	-0.09964280959942276
1080	-0.10187456006480611
1081	-0.10186698816600345
1082	-0.10185942377427487
1083	-0.1018518680010319
1084	-0.10464224058163485
1085	-0.10463428097490976
1086	-0.09847183949000501
1087	-0.09846480405174689
1088	-0.10237370958233002
1089	-0.10236611905933511
1090	-0.10012119101869721
1091	-0.10011394413406356
1092	-0.10290298093220474
1093	-0.10289533953594747
1094	-0.10344687806157249
1095	-0.10343916990598057
1096	-0.10343146945788362
1097	-0.10342377785135354
1098	-0.09782603479587784
1099	-0.09781916690703481
1100	-0.10284265263981322
1101	-0.10283507565069519
1102	-0.10115097074521767
1103	-0.1011436543896705
1104	-0.10057758082207195
1105	-0.10057036020555764
1106	-0.10168051487039137
1107	-0.10167314825524339
1108	-0.0966383597202839
1109	-0.09663171753813082
1110	-0.10332739931228241
1111	-0.10331981896228577
1112	-0.09661091124173087
1113	-0.09660429638890224
1114	-0.09938952834431079
1115	-0.09938253956594371
1116	-0.09825897814106195
1117	-0.09825215946639235
1118	-0.10047819600064356
1119	-0.10047107828714406
1120	-0.10102210056057428
1121	-0.10101491837995154
1122	-0.10212385078551767
1123	-0.1021165242187759
1124	-0.10155123099221719
1125	-0.10154399941371849
1126	-0.09651572552840713
1127	-0.09650920496445739
1128	-0.09761832843137938
1129	-0.09761166940199749
1130	-0.09872050245927184
1131	-0.09871370394062316
1132	-0.10149524264187226
1133	-0.10148806911361292
1134	-0.10092331512156368
1135	-0.1009162348614246
1136	-0.09756410630579244
1137	-0.09755750121156843
1138	-0.1003380708592095
1139	-0.1003310968416748
1140	-0.1019961982734742
1141	-0.10198900456536604
1142	-0.09808087394733696
1143	-0.09807423375652247
1144	-0.10085361107602425
1145	-0.10084660224667555
1146	-0.09749685091679787
1147	-0.09749031238455032
1148	-0.10194018123079374
1149	-0.10193304539933255
1150	-0.10025499976041838
1151	-0.10024811016489919
1152	-0.10246880989638454
1153	-0.10246162530016502
1154	-0.09855672407770463
1155	-0.09855008941303683
1156	-0.10411088806245714
1157	-0.10410349734031821
1158	-0.10576610497351199
1159	-0.10575849122870155
1160	-0.09851529816608608
1161	-0.09850870459588729
1162	-0.09405004402283408
1163	-0.09404404484276546
1164	-0.09848955631546052
1165	-0.09848298820996589
1166	-0.09903279014519716
1167	-0.09902616073752973
1168	-0.09901953746559036
1169	-0.09901292120621914
1170	-0.09789388060262282
1171	-0.09788742498611931
1172	-0.09843711716999652
1173	-0.09843060077040967
1174	-0.09953622696354554
1175	-0.0995295755866519
1176	-0.0967429602525335
1177	-0.09673668771115063
1178	-0.10117779648507279
1179	-0.10117094720247964
1180	-0.09782902399778448
1181	-0.09782263172675255
1182	-0.10170666410883579
1183	-0.10169976676172439
1184	-0.10113717714777433
1185	-0.10113036875614008
1186	-0.10445731070608429
1187	-0.10445006065333563
1188	-0.10166508310303002
1189	-0.10165822775129524
1190	-0.09998496280120278
1191	-0.09997834370793435
1192	-0.09719473821192479
1193	-0.09718849408188181
1194	-0.10218020012831908
1195	-0.10217331057838352
1196	-0.09772440893607903
1197	-0.09771811811490895
1198	-0.09826701383021845
1199	-0.09826066360083445
1200	-0.09769920997143844
1201	-0.09769294345273671
1202	-0.09990683444459483
1203	-0.09990029249758323
1204	-0.09989375655972182
1205	-0.09988722747735493
1206	-0.09988070438611947
1207	-0.0998741881291487
1208	-0.09764839611546665
1209	-0.0976421784447098
1210	-0.10429296404617625
1211	-0.10428588331190365
1212	-0.0970680406115861
1213	-0.09706191771591124
1214	-0.09927421855170236
1215	-0.09926782476706729
1216	-0.1003705031196791
1217	-0.10036397837720092
1218	-0.10202084292665634
1219	-0.10201411336012918
1220	-0.09868106212377295
1221	-0.09867477678892861
1222	-0.09645122751263693
1223	-0.09644523302673681
1224	-0.1003189835025941
1225	-0.10031250925545133
1226	-0.10307692602948049
1227	-0.10307010255144582
1228	-0.10250918178535728
1229	-0.1025024450122343
1230	-0.1013876527359979
1231	-0.10138107395554365
1232	-0.10026658318453664
1233	-0.10026016007367455
1234	-0.09471486198663995
1235	-0.09470914008776891
1236	-0.09802635022685723
1237	-0.09802023104968832
1238	-0.10189038183027121
1239	-0.10188378169283398
1240	-0.0968940643309497
1241	-0.09688810577197696
1242	-0.09743576473128157
1243	-0.09742974917698019
1244	-0.09687019494502326
1245	-0.09686425874035429
1246	-0.10183961315035124
1247	-0.10183306300497195
1248	-0.10016630389181148
1249	-0.10015997801723446
1250	-0.09904698759757852
1251	-0.099040812669528
1252	-0.097928110918819
1253	-0.0979220846995308
1254	-0.10234164859040108
1255	-0.10233507777705031
1256	-0.09513786073964633
1257	-0.0951321920186032
1258	-0.09733877297871839
1259	-0.09733284839600428
1260	-0.10119788638795743
1261	-0.10119149316858357
1262	-0.09842048537072698
1263	-0.09841444842182533
1264	-0.09896127306618019
1265	-0.09895517960160165
1266	-0.0983963033099253
1267	-0.09839028913162791
1268	-0.09838428024190674
1269	-0.09837827736724578
1270	-0.09837227976600943
1271	-0.09836628816204412
1272	-0.09670254392062848
1273	-0.09669676341980646
1274	-0.09890106762514717
1275	-0.0988950310233281
1276	-0.0999939047636942
1277	-0.09998774414509645
1278	-0.0983244355991056
1279	-0.09831848881364516
1280	-0.09831254722665186
1281	-0.09830661154895591
1282	-0.0983006810549264
1283	-0.09829475645282987
1284	-0.09497573015382478
1285	-0.09497020850247764
1286	-0.09662105239992796
1287	-0.09661534675933652
1288	-0.10157814208354608
1289	-0.10157184609172426
1290	-0.09935760889715525
1291	-0.09935159521340914
1292	-0.09879366688785272
1293	-0.0987877309940315
1294	-0.09988550754843427
1295	-0.09987944960125321
1296	-0.09545910320703486
1297	-0.09545357930602495
1298	-0.09875839740008488
1299	-0.09875249437422152
1300	-0.10205653826885291
1301	-0.10205024464589293
1302	-0.09873442294962613
1303	-0.09872854220834479
1304	-0.0998257131302389
1305	-0.0998197114120627
1306	-0.09871080098386349
1307	-0.0987049421540915
1308	-0.09759630529390627
1309	-0.09759058724915119
1310	-0.09813620107476764
1311	-0.09813042882058116
1312	-0.09812466153401744
1313	-0.09811889988612615
1314	-0.09811314319194868
1315	-0.09810739212015107
1316	-0.09699938030294786
1317	-0.09699376803948
1318	-0.10139671328963827
1319	-0.10139059039468133
1320	-0.09697645236374974
1321	-0.09697086086338136
1322	-0.09971996938495928
1323	-0.09971406639831594
1324	-0.09585205153192573
1325	-0.09584660638593448
1326	-0.10134927876637116
1327	-0.10134320068934129
1328	-0.1002356374563908
1329	-0.10022970198288636
1330	-0.09802105143016904
1331	-0.09801538453185775
1332	-0.09856033888193094
1333	-0.0985546185623988
1334	-0.09799835060963029
1335	-0.0979927043552748
1336	-0.09963853025648779
1337	-0.09963270269389479
1338	-0.09742518115827176
1339	-0.09741961857110429
1340	-0.09741406068041068
1341	-0.09740850811400494
1342	-0.0974029602311803
1343	-0.09739741765756497
1344	-0.0946406967107708
1345	-0.0946354722328429
1346	-0.09848148321648878
1347	-0.09847583476036854
1348	-0.09186883751512548
1349	-0.09186392986010879
1350	-0.100109836823496
1351	-0.10010401792302544
1352	-0.09789824351749626
1353	-0.09789268780520717
1354	-0.0967872813098157
1355	-0.09678185950326636
1356	-0.09512684376762813
1357	-0.09512161451176791
1358	-0.09786541813426164
1359	-0.09785989193561018
1360	-0.10005334500079194
1361	-0.10004757803449568
1362	-0.09894245540779809
1363	-0.09893682481471056
1364	-0.10058005231864887
1365	-0.10057424303219356
1366	-0.09507289565379436
1367	-0.09506771340053477
1368	-0.09616152421604651
1369	-0.09615623067077253
1370	-0.09670037543389837
1371	-0.09669503062114893
1372	-0.09778843670859325
1373	-0.0977829793855514
1374	-0.10052408635952084
1375	-0.1005183284497718
1376	-0.0988648283430331
1377	-0.09885926784349511
1378	-0.09500940101033618
1379	-0.09500427377814441
1380	-0.09994130304690382
1381	-0.09993563832581538
1382	-0.09883184679562153
1383	-0.09882631593069667
1384	-0.09936979410496725
1385	-0.09936421164780253
1386	-0.09826074844999744
1387	-0.098255298500417
1388	-0.09879873496151684
1389	-0.09879323376067774
1390	-0.09878773717374265
1391	-0.09878224580614839
1392	-0.0998742785847822
1393	-0.0998686745470356
1394	-0.09931437703706623
1395	-0.09930884440410853
1396	-0.10094922774598754
1397	-0.10094352045714461
1398	-0.09764636745464664
1399	-0.09764103599512167
1400	-0.09763570893667994
1401	-0.09763038685477046
1402	-0.09652815827268993
1403	-0.09652296424730068
1404	-0.09925975668237615
1405	-0.09925427291710168
1406	-0.09924879374223075
1407	-0.09924331975655612
1408	-0.09868957493252417
1409	-0.09868417090468022
1410	-0.09758234057414346
1411	-0.09757706531054545
1412	-0.10195704356303824
1413	-0.10195129358847604
1414	-0.10194554854171212
1415	-0.10193980906346962
1416	-0.10083800918212818
1417	-0.10083240269980284
1418	-0.09863491398415308
1419	-0.09862955825739728
1420	-0.10245959278611962
1421	-0.10245382263081779
1422	-0.09642170110909755
1423	-0.09641659910869876
1424	-0.10024604957047471
1425	-0.1002405431837342
1426	-0.10078277388058482
1427	-0.10077721709587811
1428	-0.09693796034492977
1429	-0.09693282749754686
1430	-0.10076099762777874
1431	-0.10075546036932535
1432	-0.09801215798975356
1433	-0.09800692693082373
1434	-0.09800170014615014
1435	-0.09799647818764923
1436	-0.09580151165426776
1437	-0.09579652912386014
1438	-0.09688631114436191
1439	-0.096881222741215
1440	-0.10180204378250818
1441	-0.10179643445502011
1442	-0.09795999218945647
1443	-0.09795480643873082
1444	-0.09630801108074243
1445	-0.09630300636059841
1446	-0.09629800563936462
1447	-0.09629300943127829
1448	-0.09792929023239738
1449	-0.09792413104647724
1450	-0.09737194265992641
1451	-0.09736684976003039
1452	-0.09790873714987373
1453	-0.09790359570561691
1454	-0.09953921471099701
1455	-0.09953390866124925
1456	-0.10116918840967885
1457	-0.10116371560885988
1458	-0.10006464470530334
1459	-0.10005929910274382
1460	-0.10224092967087256
1461	-0.10223535765738298
1462	-0.10058974022758803
1463	-0.10058435521720506
1464	-0.09675260063205456
1465	-0.09674762630204109
1466	-0.09838236196569501
1467	-0.09837722631822324
1468	-0.09618604827401438
1469	-0.09618114677073399
1470	-0.10054789682963668
1471	-0.10054254866413756
1472	-0.09671241994420036
1473	-0.09670747961650811
1474	-0.09779522731260003
1475	-0.0977901832475745
1476	-0.10051657180794679
1477	-0.10051125113463043
1478	-0.09668233949464523
1479	-0.09667742453836091
1480	-0.10268040978860121
1481	-0.10267487435148263
1482	-0.09830043532571445
1483	-0.0982953699832575
1484	-0.10047453779183656
1485	-0.1004692538872797
1486	-0.09500397571306836
1487	-0.09499925872994569
1488	-0.10099994769834342
1489	-0.10099462431769446
1490	-0.09989752904617204
1491	-0.09989232925169957
1492	-0.0933371577086382
1493	-0.09333262529095392
1494	-0.09824010138564646
1495	-0.09823508747880663
1496	-0.09550146431175481
1497	-0.09549673311124383
1498	-0.09876601720245931
1499	-0.09876096440033942
1500	-0.10202959241232891
1501	-0.10202420829730682
1502	-0.09874549723909595
1503	-0.09874046192965633
1504	-0.09818993103422649
1505	-0.09818495967926362
1506	-0.09763454787692286
1507	-0.0976296399131842
1508	-0.09598856707118605
1509	-0.09598383019692663
1510	-0.09597909700015053
1511	-0.09597436794311291
1512	-0.09542436049435046
1513	-0.09541969272769847
1514	-0.09650548602731435
1515	-0.09650071879104949
1516	-0.0964959552672498
1517	-0.09649119592158101
1518	-0.10248277272574076
1519	-0.10247741238506737
1520	-0.09811154342906099
1521	-0.09810663816062115
1522	-0.09810173676656674
1523	-0.09809683973176127
1524	-0.09700203604409177
1525	-0.09699725524801149
1526	-0.09917208443073822
1527	-0.09916709465609491
1528	-0.09425848808831011
1529	-0.09425398719240083
1530	-0.09588387391580304
1531	-0.09587922306910411
1532	-0.09532983389070289
1533	-0.09532524325188624
1534	-0.09858879290122671
1535	-0.09858389008218205
1536	-0.09748972051332024
1537	-0.09748493347700193
1538	-0.0947572409519517
1539	-0.09475272508398101
1540	-0.10073804217173597
1541	-0.10073294556102827
1542	-0.10018337817063143
1543	-0.10017834512307434
1544	-0.09636237472715926
1545	-0.09635772522085832
1546	-0.09744181464748497
1547	-0.09743706724788957
1548	-0.09634369422209199
1549	-0.09633905996430901
1550	-0.09905574082351606
1551	-0.09905084905705083
1552	-0.0990459611467678
1553	-0.09904107757023217
1554	-0.09849204290686377
1555	-0.09848722092256285
1556	-0.09793830103950285
1557	-0.0979335401102479
1558	-0.09847283167689302
1559	-0.09846802565606147
1560	-0.0930232662965393
1561	-0.09301898372801393
1562	-0.09845416071056257
1563	-0.09844937017650535
1564	-0.09409344157191957
1565	-0.0940890723619169
1566	-0.09952312874183099
1567	-0.09951824760661233
1568	-0.09788200358739593
1569	-0.0978772890552853
1570	-0.09569763198891437
1571	-0.09569313204732165
1572	-0.09949443350988137
1573	-0.09948957634290391
1574	-0.09894109062362783
1575	-0.09893629439829765
1576	-0.09512644414908493
1577	-0.09512201708045581
1578	-0.10055288437766555
1579	-0.10054794482783053
1580	-0.09836910628736859
1581	-0.09836438595632277
1582	-0.09618597492979308
1583	-0.0961814683228778
1584	-0.09454684707084972
1585	-0.09454249891183686
1586	-0.09562479943049841
1587	-0.09562035776204325
1588	-0.09724573623622376
1589	-0.09724114919115215
1590	-0.09832300771941324
1591	-0.09831832520075667
1592	-0.09668413834127564
1593	-0.09667961715006662
1594	-0.09667509938261679
1595	-0.09667058545702145
1596	-0.09503687143647299
1597	-0.09503251537491204
1598	-0.09611419869448877
1599	-0.09610974953453937
1600	-0.09719123935171718
1601	-0.09718669633964956
1602	-0.09935382508349029
1603	-0.09934908442995938
1604	-0.0977157515919113
1605	-0.09771117262537958
1606	-0.09933504043346641
1607	-0.09933031522848582
1608	-0.09606901683864554
1609	-0.09606460363388201
1610	-0.09714561964785315
1611	-0.09714111331755636
1612	-0.09713661039303553
1613	-0.09713211128765266
1614	-0.0949571660695732
1615	-0.09495287266525358
1616	-0.09386345577167562
1617	-0.09385926649812927
1618	-0.09928022942599396
1619	-0.09927554914019605
1620	-0.0933037708355283
1621	-0.09329964300225671
1622	-0.09763484458010634
1623	-0.0976303308050994
1624	-0.09599872343618512
1625	-0.09599436585308897
1626	-0.09924391020292467
1627	-0.09923925955259984
1628	-0.09381195605268978
1629	-0.0938078065049837
1630	-0.09705696609175199
1631	-0.09705253058106163
1632	-0.09759026654245695
1633	-0.09758578846833961
1634	-0.09595495853724766
1635	-0.09595063538967386
1636	-0.09919873291355939
1637	-0.09919411898309864
1638	-0.09810547023433543
1639	-0.09810096390968767
1640	-0.09430267520499426
1641	-0.09429851733542031
1642	-0.0942943624827472
1643	-0.09429021100962309
1644	-0.09753730608241824
1645	-0.09753287022107904
1646	-0.09590296372253727
1647	-0.09589868129205614
1648	-0.09372729688443357
1649	-0.09372321219184537
1650	-0.09534431766946735
1651	-0.09534009654048684
1652	-0.09750260300827059
1653	-0.09749819468901338
1654	-0.0931607323442485
1655	-0.09315671350761201
1656	-0.10019330839751156
1657	-0.10018866619546954
1658	-0.09368560414272904
1659	-0.09368155118479825
1660	-0.09909238558775854
1661	-0.09908785746844101
1662	-0.09800045482275278
1663	-0.09799603223486286
1664	-0.09799161295522145
1665	-0.0979871973784796
1666	-0.10123083322693603
1667	-0.10122612754712669
1668	-0.09526722399806276
1669	-0.09526306241292723
1670	-0.09688263516283438
1671	-0.09687833712813024
1672	-0.09849762956296604
1673	-0.09849319320865066
1674	-0.09740646610957178
1675	-0.09740213360033692
1676	-0.10118549668750004
1677	-0.10118082802057725
1678	-0.09738881994311516
1679	-0.0973845012710277
1680	-0.09738018579039107
1681	-0.0973758738799251
1682	-0.0941258463148637
1683	-0.09412182335241841
1684	-0.09736324475084204
1685	-0.09735894609052452
1686	-0.09843636893916737
1687	-0.09843198109462149
1688	-0.0984275965180489
1689	-0.098423215596197
1690	-0.09409273516812458
1691	-0.09408873719711305
1692	-0.09570689279350775
1693	-0.09570276201525574
1694	-0.09677997472144577
1695	-0.09677575653932344
1696	-0.09406842575447798
1697	-0.09406444607748478
1698	-0.09784451108810105
1699	-0.0978402112653611
1700	-0.09567379495218228
1701	-0.0956696894794164
1702	-0.09566558696362992
1703	-0.09566148775328484
1704	-0.09835957769342607
1705	-0.09835525024579077
1706	-0.09889131570120357
1707	-0.09888694742365804
1708	-0.09888258239115036
1709	-0.09887822098520811
1710	-0.09725297981954624
1711	-0.09724876685760352
1712	-0.09670430943026997
1713	-0.09670014958024668
1714	-0.09237438413119511
1715	-0.09237059359816982
1716	-0.09830853003038709
1717	-0.09830424247952863
1718	-0.09235875182584562
1719	-0.0923549727428815
1720	-0.09667172007275157
1721	-0.09666758521013018
1722	-0.09936354979716569
1723	-0.09935918741605759
1724	-0.09665496880862177
1725	-0.0966508467578374
1726	-0.0961068018277893
1727	-0.09610273192563928
1728	-0.09609866494084791
1729	-0.09609460121431479
1730	-0.09878971288150792
1731	-0.09878542418298357
1732	-0.09770156335428316
1733	-0.09769737441109996
1734	-0.09445474027585023
1735	-0.09445083045276659
1736	-0.10200267724637899
1737	-0.10199812367339364
1738	-0.09821603379113363
1739	-0.09821181801845759
1740	-0.0982076053207407
1741	-0.09820339605581946
1742	-0.09334318596453076
1743	-0.09333938853921049
1744	-0.09387510584511978
1745	-0.09387127002339622
1746	-0.0987226491221308
1747	-0.09871841251355727
1748	-0.09709591377281149
1749	-0.09709182125974032
1750	-0.09439085025153414
1751	-0.0943869878047474
1752	-0.09654045669530978
1753	-0.09653642164637172
1754	-0.10030739912047883
1755	-0.10030304891742306
1756	-0.09598477927276272
1757	-0.09598080144532305
1758	-0.09489843512714762
1759	-0.09489455200710677
1760	-0.09542982314770208
1761	-0.09542590159454399
1762	-0.09488287555171165
1763	-0.09487900394947348
1764	-0.09649232485443986
1765	-0.09648832607241493
1766	-0.09648433012984219
1767	-0.096480337354495
1768	-0.09863224344366861
1769	-0.09862807650651087
1770	-0.09539034168498732
1771	-0.09538644946360193
1772	-0.09753809804706136
1773	-0.0975340339650363
1774	-0.09914649167796545
1775	-0.09914229812929559
1776	-0.0964441373134931
1777	-0.09644017466170363
1778	-0.09428121559678683
1779	-0.09427743371434494
1780	-0.09966072041108916
1781	-0.09965650017742743
1782	-0.10019094401080353
1783	-0.10018668461325395
1784	-0.09533489148128826
1785	-0.09533104025277746
1786	-0.0969429068208389
1787	-0.09693892981509296
1788	-0.09908906574962253
1789	-0.09908491626121892
1790	-0.09100353310681586
1791	-0.09100003788926374
1792	-0.09315030936962618
1793	-0.0931466518937741
1794	-0.09583499103070348
1795	-0.09583112466129307
1796	-0.09798068258547027
1797	-0.0979766464744568
1798	-0.09366612474713942
1799	-0.09366244119321204
1800	-0.09581183509428808
1801	-0.09580798580142676
1802	-0.09526591368769699
1803	-0.09526211312292661
1804	-0.0920292197574541
1805	-0.09202567765836472
1806	-0.09686540834210716
1807	-0.09686148915455979
1808	-0.09524327984159975
1809	-0.09523949582167114
1810	-0.09738793394850888
1811	-0.09738398275607611
1812	-0.09684202311101098
1813	-0.09683812127964761
1814	-0.0989860937870839
1815	-0.09898202267018265
1816	-0.09413664147751863
1817	-0.09413296442202422
1818	-0.09628081649381237
1819	-0.09627697497031341
1820	-0.09627313611814403
1821	-0.0962693002404912
1822	-0.09518987521782761
1823	-0.09518613007984061
1824	-0.09249361950428464
1825	-0.09249008808172687
1826	-0.09517512177549126
1827	-0.09517138734042373
1828	-0.09785600731477002
1829	-0.09785206465381022
1830	-0.09838575182909898
1831	-0.09838177165999555
1832	-0.09568987643033934
1833	-0.09568611639843981
1834	-0.10052023103464876
1835	-0.10051608722962954
1836	-0.0978244612182787
1837	-0.0978205420138658
1838	-0.09566680961503007
1839	-0.09566306633752986
1840	-0.09404708980354562
1841	-0.09404347687599111
1842	-0.09081564239378613
1843	-0.09081227774249633
1844	-0.09779421645552079
1845	-0.09779031966854923
1846	-0.0934881211872513
1847	-0.09348456468622224
1848	-0.09831623524814331
1849	-0.09831230691037873
1850	-0.0988455856033014
1851	-0.09884162011593073
1852	-0.09668901270211647
1853	-0.09668522339941443
1854	-0.09721855580523427
1855	-0.09721472987254187
1856	-0.09506259926542589
1857	-0.09505894591223282
1858	-0.09720343729576367
1859	-0.09719962243697439
1860	-0.09451084308696805
1861	-0.0945072413414866
1862	-0.10041011964585242
1863	-0.10040605943420927
1864	-0.09771745661190663
1865	-0.09771361640555074
1866	-0.09717291195040241
1867	-0.09716911939742444
1868	-0.09770215448758153
1869	-0.09769832550682964
1870	-0.09823128214482552
1871	-0.09822741664646817
1872	-0.09715007237956388
1873	-0.09714629646966257
1874	-0.10036271729871009
1875	-0.10035869278847726
1876	-0.09498811118617981
1877	-0.09498451097581756
1878	-0.09712737450188909
1879	-0.09712361509240058
1880	-0.09926615347698181
1881	-0.09926223178370937
1882	-0.0997948442639582
1883	-0.09979088593804723
1884	-0.09281257505267272
1885	-0.09280915576088222
1886	-0.0992431309905677
1887	-0.0992392263494176
1888	-0.09762610296538186
1889	-0.09762232951096278
1890	-0.09547309582682617
1891	-0.09546949164797192
1892	-0.09492956466995836
1893	-0.09492600593213368
1894	-0.10135786988355915
1895	-0.10135381801999475
1896	-0.09062492576136615
1897	-0.09062169087968251
1898	-0.09919772036134505
1899	-0.09919384923626241
1900	-0.09597300845953179
1901	-0.0959693896752419
1902	-0.09596577333030595
1903	-0.0959621596946646
1904	-0.09810287359909284
1905	-0.09809910203938238
1906	-0.09648721286060435
1907	-0.09648356923394925
1908	-0.09755192727238136
1909	-0.09754820755038653
1910	-0.09861640784679568
1911	-0.09861261141330825
1912	-0.09324964273097865
1913	-0.09324625265379019
1914	-0.09699401452087755
1915	-0.0969903512660154
1916	-0.09752252856412245
1917	-0.09751883002257573
1918	-0.09697933656129751
1919	-0.0969756838068324
1920	-0.09643627643418494
1921	-0.09643266908766389
1922	-0.09428619607559507
1923	-0.09428275215733299
1924	-0.0996360895089041
1925	-0.09963224848923645
1926	-0.09909277352243806
1927	-0.09908897925498711
1928	-0.09801399638807387
1929	-0.09801028911280847
1930	-0.10121991500080327
1931	-0.10121596635181654
1932	-0.09371483377956338
1933	-0.09371145343182884
1934	-0.09852734772860094
1935	-0.09852361591224928
1936	-0.09584271581627336
1937	-0.09583918914126194
1938	-0.09744184913827952
1939	-0.09743820838535461
1940	-0.09368708662754165
1941	-0.0936837253229582
1942	-0.0968922644705495
1943	-0.09688867366983052
1944	-0.09742036199298232
1945	-0.09741673654746352
1946	-0.09634263977121403
1947	-0.09633909860464801
1948	-0.10115233778767539
1949	-0.10114843917102834
1950	-0.09846876171186222
1951	-0.09846507207409451
1952	-0.09257510649796398
1953	-0.0925718494713575
1954	-0.098989537498969
1955	-0.09898581802037817
1956	-0.0941667556236057
1957	-0.09416339405709506
1958	-0.09523003506677408
1959	-0.0952266013802697
1960	-0.09361828505973792
1961	-0.09361497072256782
1962	-0.09682120109952029
1963	-0.09681766043589798
1964	-0.09146527560436143
1965	-0.09146211977678596
1966	-0.09252866144194849
1967	-0.09252543565155064
1968	-0.0935918328591567
1969	-0.09358853648417098
1970	-0.09572433347876938
1971	-0.09572088937643837
1972	-0.09678691622425792
1973	-0.09678339961277507
1974	-0.09784927633381955
1975	-0.0978456866151886
1976	-0.09142622393979825
1977	-0.0914230939656033
1978	-0.09569692342289633
1979	-0.0956934982880393
1980	-0.09836298253084742
1981	-0.09835936838956172
1982	-0.09782121452424565
1983	-0.0978176446278539
1984	-0.09460705819679349
1985	-0.0946037232437664
1986	-0.09085913206698307
1987	-0.09085605985119852
1988	-0.09512842434316232
1989	-0.09512506060292207
1990	-0.09779365688437337
1991	-0.0977901063961611
1992	-0.09564914716565641
1993	-0.09564575495569946
1994	-0.09724530962079111
1995	-0.09724180757966899
1996	-0.09510120219048178
1997	-0.09509785705673117
1998	-0.09616299177435127
1999	-0.0961595757188535
