0	0.23782424188950937
1	0.2334380290199784
2	0.25650380937747763
3	0.2512829905420948
4	0.24453420080720503
5	0.2396530412576575
6	0.22753307215907484
7	0.22317894218963943
8	0.2299558984953258
9	0.2253742744334577
10	0.18952528628270413
11	0.1863070026284866
12	0.17245524242037874
13	0.1697120168146165
14	0.1461456571025441
15	0.14411941704353462
16	0.16236873679261252
17	0.15980743015075333
18	0.16370620925074522
19	0.16102903184890285
20	0.15208787180543695
21	0.14970820143474892
22	0.1361563789737629
23	0.1341942503981664
24	0.13997216687675573
25	0.1378448554398384
26	0.12380160870126168
27	0.12209110411480532
28	0.12454080005592945
29	0.12276722270004956
30	0.1044382825781204
31	0.10315881144137747
32	0.10944311147110308
33	0.10800827660302473
34	0.10778355034754368
35	0.10636031990490978
36	0.10446264308191165
37	0.10309553154029785
38	0.10053240322351754
39	0.09923823250380774
40	0.09139848086056078
41	0.09030566516820898
42	0.08904565975869719
43	0.08798814776366548
44	0.08551056714842079
45	0.08451671250627334
46	0.08337016413942896
47	0.08240811469789491
48	0.07679048584018684
49	0.07595952410192705
50	0.07996458077099383
51	0.0790488561400221
52	0.07995718641239448
53	0.0790260128601704
54	0.07287891415580891
55	0.07209187189059928
56	0.06931771230613752
57	0.06859455457790066
58	0.06467778851470718
59	0.06403880514759164
60	0.06216328603894385
61	0.06156487766160407
62	0.06562222423265604
63	0.06494676489457317
64	0.060973709024410364
65	0.06038239036597209
66	0.0571132262518468
67	0.05658770441216001
68	0.057629256202419134
69	0.05708786536711274
70	0.05265161673545181
71	0.05219420196046341
72	0.05256644539842546
73	0.05210557357702553
74	0.05506221357208021
75	0.054551183255217746
76	0.04729762976617957
77	0.04691616896906112
78	0.04981491831515747
79	0.049387795779045035
80	0.046337541302764296
81	0.04596419342030023
82	0.0439962572530332
83	0.043656522874746084
84	0.04490021933865955
85	0.044543314681273725
86	0.042132863543237156
87	0.041815760893720785
88	0.04219954376663675
89	0.041878814124794966
90	0.04195670107763674
91	0.041637044952829314
92	0.040942979424019796
93	0.04063609513727985
94	0.04021290434336778
95	0.03991452655444053
96	0.036229813677801544
97	0.03598569396867426
98	0.03708485587856709
99	0.036827338322063696
100	0.03473957875475125
101	0.034511988592783184
102	0.03621052521406623
103	0.03596167488525331
104	0.03522704743880469
105	0.034989931756183465
106	0.032860995724110616
107	0.032653286966626935
108	0.03144234602294389
109	0.0312510200278648
110	0.03301573060889189
111	0.03280359587008896
112	0.03160893950124923
113	0.03141331713221328
114	0.029542485394901515
115	0.029370608479361043
116	0.031207067551246043
117	0.031014290440270653
118	0.0279806585748384
119	0.027824786834729283
120	0.028051698570649274
121	0.02789426381228989
122	0.028606116415594213
123	0.028441601236017966
124	0.02943472317641217
125	0.029259685404312778
126	0.026333417829499634
127	0.026192575397827485
128	0.026561242523478606
129	0.026417308432092692
130	0.026298647966868937
131	0.026156904511491497
132	0.024834065496816403
133	0.024707092276198633
134	0.025215566140723268
135	0.025084119317279205
136	0.025127918150390057
137	0.024996832641733212
138	0.024325615276495408
139	0.024202246188275517
140	0.023836623583526794
141	0.023717684289063876
142	0.02363681290747172
143	0.023519400259963987
144	0.02250550895591903
145	0.022398646339418623
146	0.02208170861556684
147	0.0219784540668375
148	0.02115921669988696
149	0.021064064549961427
150	0.02115954212828134
151	0.021064064812862684
152	0.02040965720468142
153	0.02032052241965037
154	0.021514543461345226
155	0.021415186560495875
156	0.02028516147408807
157	0.02019652661197451
158	0.020050680500004886
159	0.019963806445237237
160	0.018323040096301403
161	0.01825025451414666
162	0.01882794437585102
163	0.018750877937950453
164	0.018410390055479328
165	0.018336487841749592
166	0.018336535491689166
167	0.018263018082536213
168	0.018692918109335863
169	0.018616304565885863
170	0.017325814943324375
171	0.017259803501706965
172	0.018738555605370084
173	0.01866114885463965
174	0.018019386646535122
175	0.017947602029172498
176	0.016822282246599096
177	0.01675954400924507
178	0.01737173798362091
179	0.01730467124126295
180	0.01710536223142567
181	0.017040168541763524
182	0.017330495801788116
183	0.017263408457050308
184	0.016873386216024692
185	0.01680962789952507
186	0.017183510300135978
187	0.017117227020046987
188	0.016273027233048073
189	0.016213429669298233
190	0.016218467076952667
191	0.016159130058185076
192	0.015443968457896804
193	0.015390034854116568
194	0.0158494268494888
195	0.015792501891751676
196	0.015099545175859225
197	0.015047760014444616
198	0.01472152852000307
199	0.014672197561752032
200	0.015459804506892112
201	0.015405293564769705
202	0.015326928893521758
203	0.015273235054745971
204	0.01486577572279186
205	0.014815154923890555
206	0.01401280435752718
207	0.013967730133188135
208	0.013994432202474365
209	0.013949389671794692
210	0.013180144076589127
211	0.013140111312306016
212	0.013726863823275086
213	0.013710604153990112
214	0.013062420732283251
215	0.013059607965142928
216	0.013910840807126755
217	0.013907659496769793
218	0.014288527451853683
219	0.014285180735995079
220	0.014275156727268493
221	0.014271826120898048
222	0.013794248670611728
223	0.01379114779340406
224	0.013781859549205317
225	0.013778773034236164
226	0.014158497484784907
227	0.014155249246614151
228	0.01360146149009991
229	0.013598472485255999
230	0.01366717347217624
231	0.013664163956600897
232	0.014043079527427435
233	0.014039911139993057
234	0.013487807860405777
235	0.013484893441997855
236	0.013553612492861024
237	0.013550677707080652
238	0.013619268785073293
239	0.013616313725900466
240	0.01306625603758662
241	0.013063543614121412
242	0.013287171074822846
243	0.013284373667397625
244	0.01343036576620554
245	0.013427515506899532
246	0.01395882129459784
247	0.013955750809832065
248	0.013253078458236943
249	0.013250318415135914
250	0.013626993656710336
251	0.013624083587756184
252	0.013692289394569207
253	0.013689359523095732
254	0.013680583078583884
255	0.013677666354678384
256	0.013745720998874967
257	0.013742784621686968
258	0.013657262504205325
259	0.013654371875300726
260	0.013492390269602025
261	0.013489576807717212
262	0.013174759058679406
263	0.013172083807197907
264	0.01331714010758278
265	0.01331441402136662
266	0.013306247567711895
267	0.01330353326719588
268	0.01367745387593817
269	0.013674593765220325
270	0.01389506565730655
271	0.0138921219828514
272	0.013349330958257211
273	0.013346621535924502
274	0.013033624842482397
275	0.013031048978684914
276	0.013784930594074934
277	0.013782056838283244
278	0.013316869933478722
279	0.013314195413454669
280	0.013306183307892044
281	0.013303520223860277
282	0.013599440461382974
283	0.01359666615820861
284	0.013512442745149782
285	0.013509711288130714
286	0.01342567744665277
287	0.013422988250456182
288	0.012960188736530945
289	0.012957689484257408
290	0.013556059470561948
291	0.013553332262339792
292	0.013999190207860049
293	0.013996289710612708
294	0.013458340552230759
295	0.013455667291405718
296	0.014052048101665479
297	0.01404914166184138
298	0.013059114547085448
299	0.013056611291754896
300	0.013049111876220463
301	0.013046618955190593
302	0.013566746160484625
303	0.013564058580531327
304	0.013857251957831449
305	0.013854455636918681
306	0.013018324170244785
307	0.013015862910480349
308	0.013459650689632634
309	0.013457026561737959
310	0.01352430027700421
311	0.013521657957540184
312	0.013438665864185484
313	0.013436063884696823
314	0.013128195850925783
315	0.01312571928999585
316	0.013193261488810608
317	0.013190766818627953
318	0.013033482937606325
319	0.013031054661075545
320	0.013323176934775733
321	0.013320646066101076
322	0.013761818923448835
323	0.013759125797809064
324	0.0129289838261607
325	0.012926613186230848
326	0.013367586298672332
327	0.01336505857545929
328	0.012984371747692083
329	0.0129819931178881
330	0.013422275986170431
331	0.013419740733659478
332	0.012741538216735864
333	0.012739259578155812
334	0.013402560653548405
335	0.01340004581096274
336	0.013466914510206315
337	0.013464382136978467
338	0.01286202001623984
339	0.012859716078128339
340	0.013149988241917857
341	0.01314758606825421
342	0.013363107697766979
343	0.013360633426539866
344	0.013427405298705942
345	0.013424913688194193
346	0.012898542216617091
347	0.012896249003498329
348	0.013111609058160499
349	0.013109245435712898
350	0.01265802286444298
351	0.012655825547202102
352	0.012945130767071284
353	0.012942838326455857
354	0.013157729513064202
355	0.013155367137506965
356	0.012926689063222597
357	0.012924414738742802
358	0.013434304704542786
359	0.01343185445965156
360	0.012834425174854747
361	0.012832194654044385
362	0.013562610120358276
363	0.013560125568946542
364	0.013184402679899959
365	0.01318206090668854
366	0.01280702687751238
367	0.012804822855821595
368	0.012798219284778025
369	0.012796023744753162
370	0.012789445568161334
371	0.012787258459355721
372	0.01241344387322894
373	0.01241138853751253
374	0.01306586373514634
375	0.013063592174313535
376	0.012690022710403759
377	0.012687885325329162
378	0.012828087994371212
379	0.012825909195059132
380	0.013625170807969083
381	0.013622718961704085
382	0.0128833640544001
383	0.012881177609085002
384	0.012143113775244812
385	0.012141176131843257
386	0.012793311949360491
387	0.012791166305831476
388	0.013003904447939725
389	0.013001693037058247
390	0.012630037342805824
391	0.012627956436225439
392	0.013278342841032067
393	0.01327604843120139
394	0.013050451550071045
395	0.013048240834891534
396	0.012968759003353156
397	0.012966581318670184
398	0.012887247277110093
399	0.012885102201382068
400	0.01331524036356187
401	0.013312956104032561
402	0.012651713295646237
403	0.01264965621639572
404	0.013297466368111901
405	0.01329519946084057
406	0.012997950571960211
407	0.012995790097232096
408	0.013207014934593262
409	0.01320478992806247
410	0.012980572004559293
411	0.01297842802079717
412	0.01311694278011901
413	0.013114758914844954
414	0.012601268094287545
415	0.01259925754814027
416	0.013027482701140467
417	0.01302533900798256
418	0.013018916038815356
419	0.013016780444373115
420	0.012721262130118167
421	0.012719228076330137
422	0.013507704246589305
423	0.013505416492719653
424	0.012415789801070403
425	0.01241386183317997
426	0.012840925011130282
427	0.012838867607707702
428	0.0124722338304517
429	0.012470297554088725
430	0.012536544787970961
431	0.012534593092485525
432	0.012240727915602745
433	0.012238871613955473
434	0.012593112448268723
435	0.012591152274377342
436	0.012585278833176745
437	0.012583325730096436
438	0.01308057240031937
439	0.013078467560577236
440	0.012784860677037293
441	0.012782854846549561
442	0.01256150460156942
443	0.012559572872034637
444	0.01233857686945316
445	0.012336717468903911
446	0.012546223927728209
447	0.012544305867875636
448	0.012825154158440339
449	0.012823154584020065
450	0.01217272477638732
451	0.012170927750285686
452	0.012881163048120783
453	0.012879155380752674
454	0.012873139706572037
455	0.012871139357022464
456	0.013079564688262314
457	0.013077504638884104
458	0.012214195573137115
459	0.01221240342987119
460	0.013135053243455064
461	0.013132985451829851
462	0.012627400991360945
463	0.012625494584115946
464	0.012263291116428265
465	0.01226149726478302
466	0.012683661028588233
467	0.012681746478700429
468	0.012462369033080685
469	0.01246052504262657
470	0.012597342364587745
471	0.01259546257384871
472	0.013158861687479127
473	0.013156815398121859
474	0.012582005828038067
475	0.012580139538702517
476	0.0124324619468779
477	0.012430643987556531
478	0.01292220426764274
479	0.012920244797939292
480	0.012843415343134603
481	0.012841484306328423
482	0.012197458960360444
483	0.012195721372860225
484	0.01311189059148271
485	0.013109887272728535
486	0.012749725557571066
487	0.0127478359301416
488	0.012459014304030567
489	0.012457214082631092
490	0.012664066547188286
491	0.01266221085119728
492	0.012585942711079583
493	0.012584114097857016
494	0.0122959686605513
495	0.012294227353136629
496	0.012500888800632746
497	0.012499093037297168
498	0.012423125980540675
499	0.012421356546212077
500	0.012133871231375853
501	0.012132187059491754
502	0.012620686553351142
503	0.012618868599952732
504	0.012542954988587499
505	0.01254116349707777
506	0.012183666094991028
507	0.012181979620698443
508	0.012176925814590572
509	0.012175244949998654
510	0.012521948058112223
511	0.012520174555558702
512	0.012585168305792925
513	0.012583380939236187
514	0.012788829852445803
515	0.012786988407165316
516	0.012149419737688533
517	0.012147761659497143
518	0.012002413787460805
519	0.01200079915704212
520	0.01241687141808451
521	0.01241514713816758
522	0.012900770272003086
523	0.012898913197347955
524	0.012823275909182752
525	0.012821445364680358
526	0.012675894936106463
527	0.01267411037416334
528	0.012248803804695323
529	0.012247141274183629
530	0.012521979951651963
531	0.012520246299354762
532	0.012445134698242526
533	0.012443426129284656
534	0.012368428013671176
535	0.012366744229333808
536	0.012641058884530796
537	0.012639303989860249
538	0.012145435768632312
539	0.012143819454317962
540	0.012487796910782792
541	0.012486091943096318
542	0.012411256573526621
543	0.012409576222736264
544	0.011986410153905266
545	0.011984846352270036
546	0.011980159947670503
547	0.011978601140298506
548	0.012670088396943023
549	0.012668348661859287
550	0.012176091655804808
551	0.012174488567195534
552	0.012030602380415234
553	0.012029040781805708
554	0.01223287590284806
555	0.012231264839419914
556	0.012504310439114794
557	0.01250263078447422
558	0.012081010802085184
559	0.01207944642993472
560	0.01242173412474033
561	0.012420083852925118
562	0.012623213397622585
563	0.012621512945761642
564	0.011992528486862435
565	0.011990997136282362
566	0.012263550302393924
567	0.012261952389885625
568	0.01288040942587683
569	0.01287865059954876
570	0.012596533190406867
571	0.012594854878860615
572	0.012174776300473705
573	0.012173211986973334
574	0.01203024535631502
575	0.012028721260999882
576	0.01292251009175189
577	0.012920755331490332
578	0.012293895520711676
579	0.01229231094131715
580	0.012149499792582778
581	0.012147955583207673
582	0.0123503163912017
583	0.01234872415410407
584	0.012206031307579884
585	0.01220447944913442
586	0.012337679974879901
587	0.012336097888135212
588	0.01260691774355751
589	0.012605269466261199
590	0.012256058714954318
591	0.012254504358237881
592	0.011836930061032869
593	0.01183548331510351
594	0.012106290476212566
595	0.012104780305387548
596	0.012375260304964166
597	0.012373685660702667
598	0.011956667868536469
599	0.011955201131580405
600	0.012225536604097935
601	0.012224006395831771
602	0.012562662742228572
603	0.012561050463074966
604	0.01214453953127539
605	0.01214303609512614
606	0.012001371942669734
607	0.011999906866714918
608	0.012338245185201865
609	0.012336699978402161
610	0.012263557750127345
611	0.012262034489781469
612	0.012052037042650692
613	0.012050569024327995
614	0.011909281204714508
615	0.011907850773258455
616	0.01197197511708943
617	0.011970532596217266
618	0.012102966119383902
619	0.012101494946156784
620	0.012438811556414199
621	0.012437260898428868
622	0.012227680639006479
623	0.012226185415473153
624	0.01188031600209316
625	0.011878907517957948
626	0.012079422285529556
627	0.012077969214043843
628	0.01186897691822907
629	0.01186757697542549
630	0.012477004529889184
631	0.012475460696002135
632	0.012675273970878611
633	0.012673684142135768
634	0.012668919748307042
635	0.012667335005798138
636	0.012117958497318117
637	0.012116511759238308
638	0.012792635288312086
639	0.012791026382638711
640	0.01197006411271312
641	0.01196865854981922
642	0.012032425899447804
643	0.012031008595743171
644	0.011822917561875743
645	0.011821552022617612
646	0.011817459455308557
647	0.01181609796197397
648	0.01208355814640599
649	0.012082137561084061
650	0.012620706173706572
651	0.012619159734120708
652	0.012139785095309708
653	0.01213835735968894
654	0.011795137740988828
655	0.011793792725881007
656	0.012264062392845599
657	0.012262611276195245
658	0.011919636327560677
659	0.011918268450517145
660	0.012049557159005728
661	0.01204816216718308
662	0.011976318552593613
663	0.011974943314440814
664	0.012308980493346373
665	0.012307530791567288
666	0.011559586950134784
667	0.011558311067767817
668	0.012230188071827802
669	0.012228762713333428
670	0.012629722694382946
671	0.012628205884480801
672	0.012083610554233936
673	0.012082225060992855
674	0.011403320047315693
675	0.01140208869065933
676	0.012207751791989723
677	0.01220634335565315
678	0.011595386918119725
679	0.011594118863527758
680	0.011590318315971513
681	0.011589053873700093
682	0.011922045081711321
683	0.011920709877099318
684	0.011714730064844874
685	0.011713443501770464
686	0.012046069906375896
687	0.012044712257713249
688	0.011637046333045154
689	0.011635781897181044
690	0.01216988778048153
691	0.012168507652576186
692	0.011895545484911467
693	0.011894229592922419
694	0.01242769978072063
695	0.012426266437456502
696	0.012153387597397985
697	0.01215201970758679
698	0.012013688923636667
699	0.012012355045082078
700	0.01214252889559681
701	0.012141169027204468
702	0.01233826072651816
703	0.012336859552739988
704	0.01206455891568203
705	0.012063221999732879
706	0.011925223880243908
707	0.011923920321327854
708	0.012254845243951925
709	0.01225347140672225
710	0.011847735802049451
711	0.011846454365500447
712	0.01190952114380523
713	0.011908228892383311
714	0.012305626271833172
715	0.012304249410146267
716	0.011765334954252415
717	0.01176407892997286
718	0.011827134381307555
719	0.011825867638229053
720	0.012156027818248368
721	0.012154692311597132
722	0.011616593439213556
723	0.011615376301391502
724	0.012012132702114717
725	0.012010833814588907
726	0.011740119980873816
727	0.01173888174121633
728	0.012201910236502812
729	0.01220057531424873
730	0.01232987033609958
731	0.012328510054635257
732	0.012191196098405566
733	0.012189868978494028
734	0.011519995767641778
735	0.01151881314943622
736	0.011648393031679322
737	0.011647186232799056
738	0.011843173223923888
739	0.01184192815741321
740	0.012237236792609102
741	0.012235910128528187
742	0.011367721262763088
743	0.011366578739856317
744	0.011628959028861123
745	0.01162776565983776
746	0.011889884585031292
747	0.011888639482616505
748	0.011685719281453866
749	0.011684518941450011
750	0.011614552366131055
751	0.011613368899994281
752	0.012007872778212593
753	0.012006610249618759
754	0.012002826239203719
755	0.012001567282148035
756	0.01126864627085882
757	0.011267538802977473
758	0.011926820473483106
759	0.011925582192841365
760	0.011988103438186418
761	0.01198685486927079
762	0.011254857210457865
763	0.011253758866813906
764	0.01184607968014233
765	0.011844865192323525
766	0.01203968138624371
767	0.01203842933546684
768	0.011439555335215588
769	0.011438427219404282
770	0.011765538544716153
771	0.011764347478055605
772	0.012091136470600799
773	0.012089881016008558
774	0.012350295640065553
775	0.012348988404514448
776	0.011090758487799847
777	0.011089706398647266
778	0.011482501163077537
779	0.011481375504344082
780	0.012269587846100325
781	0.012268305026020212
782	0.01226446022135534
783	0.012263181052911774
784	0.011929794843360328
785	0.011928586955970322
786	0.011793199045919741
787	0.011792020963280888
788	0.011590917474441501
789	0.011589781650074071
790	0.012178862419998389
791	0.01217761084008125
792	0.011713227094838097
793	0.011712071679919842
794	0.011511272458409536
795	0.011510158671528006
796	0.011704080041860507
797	0.011702930800367167
798	0.011502303821469264
799	0.011501195976885724
800	0.011629279663803794
801	0.011628149351061007
802	0.011821791287538188
803	0.011820625460031393
804	0.01175148041189986
805	0.01175033062489102
806	0.011681259309101395
807	0.011680125391069702
808	0.011742326258291465
809	0.011741182630011256
810	0.011606606718609708
811	0.011605491500562854
812	0.011405502214388595
813	0.011404427330393953
814	0.011073584629938737
815	0.011072573262673205
816	0.011986545170510714
817	0.011985362317144683
818	0.011850868167330922
819	0.01184971418005953
820	0.011191766085439961
821	0.01119073884653405
822	0.011187659743204957
823	0.011186635115173552
824	0.011575969582788889
825	0.01157487458634677
826	0.011767721158467461
827	0.011766591705133236
828	0.012155313235578197
829	0.012154110454617617
830	0.011562577739507503
831	0.011561491518954851
832	0.011754137997221947
833	0.011753017583056427
834	0.01161910754513826
835	0.011618014793383242
836	0.011353734023225814
837	0.011352692560440709
838	0.012262754697938857
839	0.012261542036493859
840	0.011605891049411867
841	0.011604806944912512
842	0.011992621196098827
843	0.01199146580605331
844	0.01198800274919539
845	0.0119868504692562
846	0.011788015261369444
847	0.011786903241264359
848	0.011783570119928715
849	0.011782461035865985
850	0.011844214814062002
851	0.011843096399308344
852	0.011384369344923094
853	0.011383338033689896
854	0.011900486574277462
855	0.01189936169720174
856	0.01189599005468293
857	0.011894868163312752
858	0.012086448178226883
859	0.01208529227919524
860	0.011692091317294349
861	0.011691011691439235
862	0.01168777562311595
863	0.011686698803738682
864	0.011423838451505465
865	0.01142281162502448
866	0.011873927706726994
867	0.011872820402339918
868	0.011674919415863452
869	0.011673850933291395
870	0.011411300511295748
871	0.011410281623429408
872	0.011472041326765794
873	0.011471013430294427
874	0.011532722927170223
875	0.01153168601990403
876	0.01165811252381966
877	0.0116570548868295
878	0.011718628501154649
879	0.011717561830701858
880	0.011714364575388492
881	0.011713300658287585
882	0.011257234405846105
883	0.011256253713267965
884	0.01125331406468052
885	0.011252335798973953
886	0.011831269115957754
887	0.011830189722119333
888	0.01098678818921236
889	0.010985859103982268
890	0.011693743587320636
891	0.011692692931281978
892	0.011495794313255344
893	0.011494780793747756
894	0.011104380669554772
895	0.011103436696403663
896	0.011165145482670821
897	0.011164192819755373
898	0.01187101755215085
899	0.011869942534257508
900	0.011415268951517147
901	0.01141427673705142
902	0.01121789065545202
903	0.011216934170396884
904	0.011149618391245215
905	0.011148675175567169
906	0.011210274683061228
907	0.011209322846018813
908	0.01178611463675851
909	0.011785064365064685
910	0.011460005958604247
911	0.011459014828306928
912	0.011262964510094784
913	0.011262008882517396
914	0.011773848073546494
915	0.011772805638402127
916	0.011576735400429684
917	0.01157572942738795
918	0.01086549261450008
919	0.01086460804072022
920	0.011633219572381979
921	0.0116322073171756
922	0.011821921818975317
923	0.011820878359520226
924	0.012267338981015216
925	0.01226621749314695
926	0.011685025082613579
927	0.011684009469344779
928	0.0109107916548744
929	0.01090990776379396
930	0.011163899532516612
931	0.011162975732894261
932	0.011416763021566164
933	0.011415798581980201
934	0.011669377460149602
935	0.011668371661627892
936	0.01134487994732854
937	0.01134393102366682
938	0.011661456234834458
939	0.011660455385060558
940	0.011721507284978769
941	0.011720497930125914
942	0.011653442490253532
943	0.011652446633543785
944	0.01145743744974911
945	0.011456476543060602
946	0.01138960960037084
947	0.011388661718540373
948	0.011769612071379323
949	0.01176860167509916
950	0.010678536380081507
951	0.01067770612505046
952	0.011186604897834991
953	0.01118569527139498
954	0.011758092650997287
955	0.011757089458130676
956	0.011562439735511236
957	0.011561471404798004
958	0.011175411810247844
959	0.011174508823376665
960	0.011554835211770736
961	0.011553871537377093
962	0.011742435625310896
963	0.011741442178377186
964	0.011738464303686032
965	0.011737473320547262
966	0.01116053258080022
967	0.011159638379197845
968	0.011666990240189279
969	0.011666014726078122
970	0.011216961434674058
971	0.011216061330401142
972	0.011404500015360045
973	0.011403571165371409
974	0.012037702309959476
975	0.012036669275962055
976	0.010823848538826442
977	0.01082301485421962
978	0.011393366525845059
979	0.011392444342748994
980	0.011580568488830314
981	0.011579617415877102
982	0.011322332076242508
983	0.011321424549612361
984	0.011382292346153351
985	0.011381376768589833
986	0.01137863221539381
987	0.011377718815362724
988	0.01099369651459197
989	0.010992845341037451
990	0.011244404612336363
991	0.011243515671076598
992	0.011240850931767807
993	0.011239964073130063
994	0.01155474358472941
995	0.011553808114073463
996	0.011297135733152958
997	0.011296243075129457
998	0.011293567197979876
999	0.011292676635014317
1000	0.01135343404126996
1001	0.011352535556154146
1002	0.011223028338336967
1003	0.01122215188460873
1004	0.01128291170732871
1005	0.011282027384226876
1006	0.0114061110489326
1007	0.01140520885596046
1008	0.011212462666473407
1009	0.01121159234959474
1010	0.010639035107147405
1011	0.010638252852873138
1012	0.011648851409972275
1013	0.011647915141186722
1014	0.010948933615684579
1015	0.01094810792082481
1016	0.011451789125510236
1017	0.011450887348785353
1018	0.011511433781798133
1019	0.011510524163120182
1020	0.011887175399992164
1021	0.011886207122998833
1022	0.011377632119443115
1023	0.011376746652680535
1024	0.010805387705287333
1025	0.010804590427034978
1026	0.011433907983241263
1027	0.011433016720708579
1028	0.011240891789603224
1029	0.011240031841661042
1030	0.010984926921769946
1031	0.010984107074306406
1032	0.011486552794048007
1033	0.011485657849498912
1034	0.01097822895810299
1035	0.010977412870593182
1036	0.011101115477175972
1037	0.011100282393853935
1038	0.011539174208108032
1039	0.011538275585928268
1040	0.010590042338477658
1041	0.010589286757835398
1042	0.011280219491243417
1043	0.011279363587715226
1044	0.011213798970849112
1045	0.01121295454337076
1046	0.011399362902336911
1047	0.011398491763275396
1048	0.011269959032740487
1049	0.011269109007227416
1050	0.01139244423599189
1051	0.011391577097316828
1052	0.011388977683655257
1053	0.011388112545595162
1054	0.011196808864892601
1055	0.011195974092282329
1056	0.011382125682246433
1057	0.011381264491243808
1058	0.011190085945329274
1059	0.011189254976502005
1060	0.010998222982303282
1061	0.010997421597691483
1062	0.010995019222022237
1063	0.010994219614084486
1064	0.011557116294142036
1065	0.011556234294256364
1066	0.011176842835953407
1067	0.01117601933246074
1068	0.011110777917139252
1069	0.011109965468834804
1070	0.010731003499756536
1071	0.010730246884959112
1072	0.011041662257956306
1073	0.011040862481127758
1074	0.01066215361828945
1075	0.010661409087789873
1076	0.01141158958791838
1077	0.011410738073850884
1078	0.011157456126600853
1079	0.01115664348587899
1080	0.011404863723513995
1081	0.01140401604894323
1082	0.011401474957832171
1083	0.011400629214196323
1084	0.011711228357160146
1085	0.01171033754316887
1086	0.011018980877892364
1087	0.0110181936136345
1088	0.01145396329360358
1089	0.011453114036776586
1090	0.011200282559779307
1091	0.011199471870705888
1092	0.01150980813558012
1093	0.01150895343726124
1094	0.011568926033173912
1095	0.011568063995734323
1096	0.011565479864018425
1097	0.01156461980546073
1098	0.010937066381582051
1099	0.01093629854348722
1100	0.011496316523905764
1101	0.011495469526449314
1102	0.01130554572674015
1103	0.011304727984788878
1104	0.01123983307113381
1105	0.01123902614653266
1106	0.011361458356382241
1107	0.01136063523416127
1108	0.010796500080262464
1109	0.010795758011374333
1110	0.011542217782313388
1111	0.011541371017069013
1112	0.010790367827696587
1113	0.010789629021963065
1114	0.011099189151128683
1115	0.011098408688897672
1116	0.010971394074233672
1117	0.010970632715136756
1118	0.011217630968382021
1119	0.011216836329479616
1120	0.011276756686929058
1121	0.011275954964306762
1122	0.011398121201380023
1123	0.011397303477654648
1124	0.011332585182455723
1125	0.011331778176193468
1126	0.010769115924017152
1127	0.010768388366837509
1128	0.010890672052270432
1129	0.010889929145622132
1130	0.011012132887922162
1131	0.011011374522750377
1132	0.011320092614211566
1133	0.011319292527408008
1134	0.011254713298482185
1135	0.011253923725747256
1136	0.010878576959140516
1137	0.010877840479009058
1138	0.011186364959719653
1139	0.011185587449202441
1140	0.011369644221029459
1141	0.011368842329358848
1142	0.010931656629856125
1143	0.010930916543812683
1144	0.011239172228811082
1145	0.011238391161684815
1146	0.010863583929934131
1147	0.010862855374158356
1148	0.011357159070346538
1149	0.011356364067119882
1150	0.011167849974401676
1151	0.011167082511738214
1152	0.011412888045197103
1153	0.011412087831040385
1154	0.010975624701614407
1155	0.010974885841936472
1156	0.011592595735993043
1157	0.01159177278984836
1158	0.011775230485545183
1159	0.011774382826458037
1160	0.010966399969212351
1161	0.010965665994597558
1162	0.010467941752304205
1163	0.010467274032600522
1164	0.010960669721148288
1165	0.01095993877222626
1166	0.011019655644879394
1167	0.01101891797213974
1168	0.011016706516740997
1169	0.011015970405569437
1170	0.010890013476637
1171	0.010889295334192469
1172	0.010949001171457308
1173	0.010948276362881364
1174	0.01106978824373015
1175	0.011069048519752354
1176	0.010757701561406059
1177	0.010757004062300766
1178	0.011249391759972294
1179	0.011248630226653341
1180	0.010875588564044521
1181	0.010874877939457905
1182	0.011305186365188645
1183	0.011304419691783212
1184	0.011240361100461713
1185	0.011239604417482897
1186	0.011607797616965329
1187	0.01160699195631361
1188	0.011295944396006565
1189	0.011295182702122637
1190	0.01110776976261993
1191	0.011107034418404138
1192	0.01079636244123954
1193	0.010795668845142494
1194	0.011348688367677596
1195	0.011347923176817532
1196	0.010852341024893162
1197	0.010851642426278892
1198	0.010911193228371023
1199	0.010910488123197294
1200	0.010846745033003662
1201	0.010846049312632739
1202	0.011090417298599622
1203	0.01108969109280293
1204	0.011087513999569996
1205	0.011086789316720531
1206	0.011084616787408217
1207	0.011083893622590196
1208	0.010835465072639865
1209	0.010834775134484243
1210	0.011571300371847837
1211	0.011570514764651181
1212	0.010768233723625687
1213	0.010767554480784538
1214	0.011011587116258189
1215	0.011010877911818834
1216	0.011131754581765256
1217	0.011131030944543992
1218	0.011313317816810324
1219	0.011312571560234613
1220	0.010941519125703281
1221	0.01094082222287387
1222	0.01069291872263727
1223	0.010692254153070247
1224	0.011120329780103654
1225	0.011119612111714305
1226	0.011424572773856903
1227	0.011423816490910016
1228	0.011360143081409077
1229	0.011359396507246197
1230	0.011234378281218869
1231	0.011233649311701833
1232	0.011108715694476842
1233	0.011108004066433084
1234	0.010492286644617854
1235	0.0104916527862999
1236	0.010857813942145111
1237	0.010857136156151666
1238	0.01128440207556355
1239	0.011283671107603152
1240	0.010729668231508779
1241	0.010729008404084342
1242	0.0107883275554201
1243	0.010787661498450023
1244	0.010724382478499285
1245	0.010723725288438034
1246	0.01127315957240564
1247	0.011272434502545274
1248	0.011086506558394212
1249	0.011085806404277938
1250	0.010961235477267945
1251	0.010960552116349546
1252	0.01083606204308307
1253	0.01083539522243807
1254	0.011323041120217463
1255	0.011322314127924648
1256	0.010524665751298061
1257	0.010524038646654908
1258	0.010766859914775507
1259	0.010766204583398496
1260	0.011192363070371482
1261	0.011191655988089688
1262	0.010883811169224145
1263	0.010883143574346587
1264	0.01094227214176432
1265	0.010941598379739693
1266	0.010878463488830068
1267	0.010877798575445923
1268	0.010875805167098952
1269	0.010875141584511357
1270	0.010873152164451614
1271	0.010872489908562303
1272	0.010687293715109859
1273	0.010686654870384614
1274	0.010928962209378747
1275	0.010928295140814772
1276	0.011048376784409616
1277	0.011047696094564987
1278	0.010862578242564699
1279	0.010861921260178199
1280	0.010859951620441195
1281	0.010859295944493093
1282	0.010857330220069978
1283	0.01085667584656322
1284	0.010488824788665281
1285	0.010488214994632357
1286	0.010669288876422408
1287	0.010668658836424068
1288	0.01121534668385325
1289	0.011214651536949147
1290	0.010968816050844422
1291	0.010968152156135967
1292	0.01090523867837768
1293	0.010904583450761108
1294	0.011024436042219182
1295	0.01102376742218723
1296	0.010534613161955224
1297	0.010534003558907205
1298	0.01089745369500898
1299	0.010896802328110617
1300	0.011260040003699297
1301	0.011259345619512804
1302	0.010892163435972792
1303	0.010891514685585166
1304	0.01101124088614454
1305	0.011010578868689343
1306	0.010886952213269194
1307	0.010886306034744482
1308	0.010762755714148425
1309	0.010762125137830224
1310	0.010821026922907038
1311	0.010820390443022163
1312	0.010818482248500419
1313	0.010817847012827222
1314	0.010815942547195279
1315	0.010815308551992168
1316	0.010691908839949976
1317	0.010691290219406248
1318	0.011175318984718685
1319	0.011174644157083358
1320	0.010686854901203018
1321	0.010686238714988115
1322	0.010987925186891932
1323	0.010987274749712558
1324	0.010560477911355138
1325	0.010559877993637756
1326	0.01116486555050398
1327	0.011164195975804748
1328	0.011040860457460422
1329	0.01104020667067982
1330	0.010795647779186368
1331	0.010795023649601143
1332	0.010853788157006829
1333	0.010853158216636264
1334	0.010790648002480845
1335	0.010790026290555156
1336	0.010969985316765764
1337	0.010969343714808052
1338	0.010725046241493728
1339	0.010724433884361029
1340	0.01072259798671947
1341	0.010721986802492525
1342	0.010720154420109445
1343	0.010719544405332657
1344	0.01041495520220945
1345	0.01041438026240594
1346	0.010836427415105652
1347	0.010835805886237981
1348	0.010107644678299998
1349	0.010107104725532019
1350	0.011013164207502259
1351	0.011012524065549893
1352	0.010768613577315754
1353	0.01076800245992853
1354	0.010645202071983374
1355	0.0106446057516246
1356	0.010461406248775377
1357	0.010460831170619007
1358	0.010761393333251502
1359	0.01076078566612598
1360	0.011000738292140077
1361	0.011000104221515443
1362	0.010877343869026921
1363	0.010876724863798511
1364	0.011056116857291942
1365	0.011055478279876008
1366	0.010449543916759847
1367	0.010448974330836828
1368	0.010568044273775185
1369	0.010567462519052866
1370	0.010626093873928289
1371	0.010625506549610622
1372	0.01074447006057363
1373	0.01074387043912547
1374	0.011043816326138102
1375	0.011043183748414802
1376	0.010860282536997046
1377	0.010859671717183429
1378	0.010435591075540856
1379	0.01043502791339133
1380	0.010976114345838492
1381	0.01097549221440223
1382	0.010853037712259237
1383	0.010852430350487018
1384	0.010910890586147628
1385	0.010910277627452418
1386	0.010787904677043164
1387	0.010787306335004299
1388	0.010845766699995622
1389	0.010845162798124884
1390	0.010843352239898192
1391	0.01084274948458864
1392	0.010961397277835865
1393	0.010960782223740171
1394	0.010898724294210531
1395	0.0108981171450442
1396	0.011076898459251307
1397	0.01107627221316316
1398	0.01071327312032343
1399	0.010712688179137125
1400	0.010710934448952842
1401	0.010710350600368332
1402	0.010588278794906215
1403	0.010587709056605239
1404	0.01088673955430339
1405	0.01088613809882611
1406	0.01088433487214128
1407	0.010883734555594118
1408	0.010821813555958095
1409	0.010821220976834967
1410	0.010699228305537201
1411	0.01069864990939224
1412	0.01117767605603796
1413	0.011177045679256236
1414	0.011175155771473764
1415	0.011174526616357911
1416	0.011052504451972733
1417	0.011051889944889965
1418	0.010809829174068102
1419	0.010809242216681584
1420	0.01122777342662829
1421	0.011227141118860813
1422	0.010564936869059278
1423	0.01056437784228937
1424	0.010982809239875551
1425	0.010982205968271024
1426	0.011040399468549037
1427	0.011039790742270088
1428	0.010618043113938087
1429	0.010617480890484933
1430	0.011035628959723112
1431	0.01103502250354275
1432	0.010733388953975902
1433	0.010732816096574463
1434	0.010731098582721785
1435	0.010730526782932664
1436	0.010489062440277495
1437	0.010488516915769084
1438	0.010606731397923353
1439	0.01060617433960628
1440	0.011143716256231846
1441	0.01114310223364849
1442	0.010721966558389154
1443	0.010721398964980748
1444	0.010540037498100457
1445	0.010539489776915179
1446	0.010537847602408118
1447	0.010537300869596177
1448	0.010715246799353274
1449	0.010714682290509233
1450	0.010653140693671868
1451	0.010652583496417225
1452	0.010710749508696181
1453	0.01071018705918294
1454	0.010887972818991185
1455	0.010887392423359217
1456	0.011065086144295242
1457	0.011064487572600956
1458	0.010943096306009351
1459	0.010942511709483889
1460	0.011179901283384384
1461	0.011179291991577568
1462	0.010998147651145262
1463	0.01099755887201965
1464	0.010577475400074423
1465	0.01057693158158264
1466	0.01075454349549889
1467	0.01075398209868949
1468	0.010513358957467139
1469	0.010512823211749876
1470	0.01098899951832964
1471	0.010988415010946155
1472	0.010568691719167625
1473	0.010568151842279017
1474	0.0106859290336572
1475	0.01068537787668983
1476	0.01098215348698063
1477	0.010981572165413738
1478	0.01056211838435911
1479	0.010561581447102474
1480	0.011216241015271402
1481	0.011215636354684453
1482	0.010736639539138875
1483	0.01073608628872935
1484	0.010972970374438305
1485	0.01097239331153817
1486	0.010374431495734871
1487	0.010373916401309522
1488	0.011028096686560119
1489	0.011027515431244328
1490	0.010906575201673022
1491	0.010906007500449698
1492	0.010189269016522926
1493	0.010188774229406986
1494	0.010723463911402387
1495	0.010722916615050924
1496	0.010423462497930653
1497	0.010422946113271611
1498	0.01077870293263703
1499	0.010778151501541926
1500	0.011133730190188236
1501	0.011133142661780525
1502	0.01077422455800693
1503	0.01077367515012362
1504	0.010712513951673488
1505	0.010711971577228053
1506	0.010650843507409077
1507	0.010650308103140242
1508	0.010470232964067645
1509	0.010469716275689791
1510	0.010468167114732233
1511	0.010467651329932002
1512	0.010406638372292314
1513	0.010406129322409165
1514	0.010523512806065692
1515	0.010522992959226471
1516	0.010521434331004527
1517	0.010520915395855692
1518	0.011173105005910412
1519	0.011172520598915818
1520	0.01069541661559171
1521	0.010694881878416593
1522	0.010693278618463023
1523	0.010692744832219213
1524	0.010572353928875605
1525	0.010571832864882683
1526	0.010807804758612649
1527	0.01080726097141237
1528	0.010271286215831288
1529	0.010270795756127849
1530	0.010447405996706419
1531	0.010446899245344482
1532	0.010386031119575928
1533	0.010385530976906442
1534	0.010740055343338105
1535	0.01073952124056303
1536	0.010619268833257325
1537	0.01061874739545535
1538	0.01032061461244386
1539	0.010320122760502098
1540	0.010970976368210183
1541	0.010970421316767556
1542	0.010909466588782361
1543	0.010908918515188085
1544	0.010492324591025302
1545	0.010491818333998863
1546	0.01060883490703332
1547	0.010608318040852898
1548	0.010488256967638318
1549	0.010487752468751594
1550	0.010782461307797381
1551	0.01078192882697193
1552	0.010780332329106652
1553	0.010779800792258525
1554	0.010718986205489037
1555	0.010718461424179964
1556	0.010657678678338058
1557	0.010657160592424069
1558	0.010714805059078087
1559	0.010714282117110849
1560	0.010120851546756496
1561	0.010120385606975965
1562	0.010710742277592625
1563	0.010710221119570573
1564	0.010235347684217657
1565	0.010234872407909972
1566	0.010824976125205608
1567	0.010824445211709662
1568	0.010645429584758904
1569	0.010644916842704522
1570	0.010406859963961006
1571	0.010406370607421752
1572	0.010818734753499648
1573	0.010818206599317282
1574	0.010757515839332937
1575	0.010756994362667988
1576	0.010341760430227373
1577	0.010341279137316882
1578	0.010930683845046692
1579	0.010930146887226749
1580	0.010692244278205108
1581	0.01069173120113727
1582	0.01045394550643475
1583	0.010453455707135668
1584	0.010274834817285933
1585	0.010274362283118895
1586	0.010391025302412553
1587	0.010390542650531638
1588	0.010566182364385715
1589	0.010565683961508436
1590	0.010682225245294816
1591	0.010681716516766563
1592	0.010503171468308918
1593	0.010502680313841047
1594	0.010501207686111012
1595	0.010500717366778963
1596	0.010322293637066006
1597	0.01032182050968015
1598	0.010438349368004122
1599	0.010437866173152796
1600	0.010554343024271266
1601	0.010553849682401759
1602	0.010788177659804181
1603	0.010787662903452537
1604	0.010609297899080123
1605	0.01060880074668436
1606	0.010784098642533721
1607	0.010783585660645424
1608	0.010428537848976158
1609	0.010428058784295145
1610	0.010544437337167905
1611	0.010543948208398142
1612	0.010542481652121127
1613	0.010541993352851043
1614	0.01030498672910226
1615	0.010304520798237148
1616	0.010185373791215311
1617	0.010184919201975801
1618	0.010772201043582539
1619	0.010771693218612257
1620	0.01012278331642877
1621	0.010122335476417567
1622	0.01059173652909057
1623	0.01059124686051133
1624	0.01041328237443745
1625	0.010412809693743063
1626	0.01076432099712153
1627	0.010763816572287355
1628	0.010174200113793948
1629	0.01017375008236385
1630	0.010525200745179333
1631	0.010524719742709266
1632	0.010582066804253106
1633	0.010581581230423387
1634	0.010403789907214616
1635	0.010403321175636948
1636	0.01075452307284777
1637	0.010754022858579477
1638	0.010635009160110594
1639	0.01063452065723922
1640	0.01022183281703296
1641	0.010221382129419112
1642	0.010220030800031922
1643	0.010219580845420857
1644	0.010570584530905933
1645	0.010570103795389042
1646	0.010392518023464673
1647	0.0103920539581821
1648	0.010155845296257467
1649	0.010155402698344272
1650	0.010330157854382089
1651	0.010329700512720275
1652	0.010563063992653813
1653	0.0105625864119844
1654	0.010091769826647373
1655	0.010091334480409922
1656	0.010852647619069108
1657	0.01085214478925198
1658	0.010146812050390912
1659	0.010146373086446035
1660	0.010731476373194474
1661	0.010730985988336139
1662	0.010612253199410435
1663	0.01061177428711796
1664	0.010610338353111464
1665	0.010609860243181075
1666	0.010960087268256369
1667	0.010959577792440396
1668	0.010313459054883014
1669	0.010313008529129218
1670	0.010487424576642335
1671	0.010486959319739409
1672	0.010661300032443088
1673	0.010660819845208024
1674	0.01054224404439462
1675	0.010541775139490249
1676	0.01095027244908666
1677	0.010949767206967475
1678	0.010538424722125002
1679	0.010537957399482425
1680	0.010536556205078922
1681	0.01053608965547638
1682	0.010183534418953286
1683	0.0101830991721201
1684	0.01053289047601379
1685	0.010532425440995308
1686	0.010648042560360354
1687	0.01064756791916849
1688	0.010646144787164656
1689	0.010645670937045486
1690	0.010176371047607897
1691	0.010175938656771579
1692	0.010350067037500521
1693	0.010349620321171338
1694	0.010465210622439857
1695	0.010464754493323456
1696	0.01017111347577683
1697	0.01017068317468513
1698	0.01057850646416527
1699	0.01057804158675775
1700	0.010342909650341459
1701	0.010342465824172543
1702	0.010341135061125254
1703	0.01034069194997979
1704	0.010631435740691397
1705	0.010630967997920038
1706	0.010687969749852602
1707	0.01068749763541125
1708	0.010686082076877131
1709	0.010685610746732407
1710	0.010509046759756713
1711	0.01050859151186475
1712	0.010448853030598218
1713	0.010448403560850946
1714	0.009980148355108284
1715	0.009979738825103819
1716	0.010620403381028005
1717	0.010619940191113375
1718	0.009976770805647016
1719	0.00997636258180412
1720	0.010441811689189326
1721	0.010441365069879983
1722	0.010731646769884591
1723	0.01073117561589276
1724	0.010438193290944784
1725	0.010437748132632017
1726	0.010378109390523565
1727	0.010377669901445617
1728	0.010376352138666604
1729	0.010375913353616673
1730	0.010666018984929805
1731	0.010665555947448007
1732	0.01054761931698455
1733	0.0105471670890311
1734	0.010196226240660963
1735	0.01019580418200512
1736	0.011010101762358664
1737	0.011009610252691418
1738	0.010600427795232032
1739	0.01059997278812039
1740	0.010598608508609126
1741	0.01059815424286407
1742	0.010072774989605671
1743	0.010072365204891427
1744	0.010129351146474102
1745	0.010128937252025414
1746	0.010651542567968726
1747	0.010651085464994171
1748	0.010475129412641462
1749	0.010474687894534412
1750	0.010182437269951479
1751	0.010182020607510037
1752	0.010413474613339664
1753	0.010413039367007484
1754	0.01081889711646776
1755	0.010818427914796624
1756	0.01035177286746175
1757	0.01035134386646312
1758	0.010233764760888029
1759	0.010233346008597861
1760	0.010290227283617677
1761	0.010289804421330245
1762	0.01023040917381992
1763	0.010229991732054817
1764	0.010403093581915972
1765	0.010402662462615217
1766	0.01040136978838482
1767	0.010400939352345989
1768	0.010632043111181556
1769	0.010631593937017448
1770	0.010281714448337434
1771	0.010281294922543162
1772	0.010512354221699672
1773	0.0105119162075217
1774	0.010684811752226965
1775	0.010684359822185381
1776	0.010392705723065745
1777	0.01039227871241407
1778	0.01015879727360882
1779	0.010158389775924424
1780	0.010737577505791681
1781	0.010737122812248978
1782	0.010793790604060197
1783	0.01079333172980061
1784	0.010269764444914157
1785	0.010269349578866596
1786	0.010442141314304322
1787	0.01044171293375151
1788	0.01067243799036193
1789	0.01067199106761277
1790	0.009800760991625216
1791	0.009800384568966968
1792	0.010031190908274121
1793	0.010030797041213816
1794	0.010319489332421309
1795	0.010319073002671096
1796	0.010549685890016093
1797	0.010549251317585242
1798	0.01008430221281224
1799	0.010083905633247075
1800	0.010314503083297788
1801	0.010314088692496783
1802	0.010254908825708228
1803	0.010254499713532643
1804	0.00990570443177288
1805	0.009905323172573477
1806	0.010425452592536959
1807	0.010425030777312288
1808	0.010250036559305384
1809	0.010249629324877147
1810	0.0104800106947614
1811	0.010479585503084457
1812	0.010420419378037235
1813	0.01041999953221167
1814	0.010650268220897093
1815	0.010649830194854269
1816	0.010127665449904956
1817	0.010127269854870932
1818	0.010357537010854958
1819	0.010357123753850428
1820	0.010355884623489034
1821	0.010355472006761275
1822	0.01023854502145266
1823	0.010238142197477929
1824	0.009947755405817844
1825	0.009947375598777846
1826	0.01023537153105041
1827	0.01023496992052799
1828	0.010522855129217903
1829	0.010522431158822551
1830	0.010578968484127942
1831	0.010578540514805923
1832	0.010288261181183835
1833	0.010287856914905389
1834	0.010806755986373446
1835	0.010806310493070924
1836	0.010516071662248994
1837	0.010515650350095022
1838	0.010283301642604905
1839	0.010282899274721891
1840	0.010108405829161267
1841	0.010108017503078846
1842	0.009760332430054485
1843	0.00975997081707424
1844	0.010509570079284929
1845	0.010509151306506237
1846	0.010046010118531259
1847	0.010045627945428754
1848	0.01056402416761559
1849	0.010563602069932745
1850	0.01062005412310817
1851	0.010619628067758879
1852	0.010387516863677806
1853	0.010387109770414413
1854	0.010443588500392691
1855	0.01044317750409335
1856	0.010211183931185294
1857	0.010210791504913472
1858	0.01044034057691871
1859	0.010439930833949574
1860	0.010150340296601761
1861	0.010149953473872084
1862	0.010783093184272124
1863	0.010782657156104337
1864	0.010493078380988787
1865	0.010492666012639455
1866	0.010433784328089018
1867	0.01043337710884427
1868	0.0104897922983684
1869	0.010489381199831031
1870	0.010545775728761028
1871	0.010545360742029018
1872	0.01042888018050216
1873	0.0104284748435738
1874	0.010772914463722742
1875	0.010772482473580772
1876	0.01019518787199777
1877	0.010194801457102663
1878	0.01042400759959142
1879	0.01042360412823969
1880	0.010652723487692596
1881	0.010652302632118282
1882	0.01070861391577168
1883	0.01070818916252673
1884	0.009958582760587292
1885	0.009958215878187463
1886	0.01064778275547129
1887	0.010647363827024725
1888	0.010473468110117987
1889	0.010473063288524901
1890	0.010241698906469957
1891	0.010241312274882253
1892	0.010182624009522967
1893	0.010182242281350614
1894	0.010871341573896855
1895	0.010870906983145561
1896	0.009719381265388414
1897	0.009719034329397296
1898	0.010638040783662213
1899	0.010637625641193707
1900	0.010291417153936774
1901	0.010291029102969926
1902	0.0102898655317136
1903	0.010289478062061257
1904	0.010518222741420287
1905	0.010517818368911531
1906	0.010344202495119538
1907	0.010343811869140976
1908	0.010457558807204398
1909	0.010457160053303785
1910	0.010570865105005985
1911	0.0105704581586656
1912	0.009994822838454213
1913	0.009994459478124768
1914	0.010395402047377053
1915	0.010395009435448506
1916	0.010451256678615491
1917	0.010450860314743318
1918	0.0103922560440546
1919	0.010391864616756641
1920	0.010333283791656177
1921	0.010332897259360308
1922	0.010102144057278968
1923	0.010101775064151197
1924	0.010674570250135865
1925	0.010674158740265597
1926	0.010615543529047849
1927	0.010615137059334041
1928	0.010499173210886614
1929	0.01049877609081623
1930	0.010841768457957552
1931	0.010841345514132319
1932	0.010037108651807056
1933	0.010036746607548755
1934	0.010551780706991976
1935	0.010551381048331912
1936	0.010263492933004374
1937	0.010263115272545293
1938	0.010433971388447491
1939	0.010433581540428517
1940	0.010031165943721691
1941	0.010030806045626077
1942	0.010373603220144583
1943	0.010373218777257484
1944	0.010429370253674335
1945	0.010428982130361369
1946	0.010313226931206496
1947	0.010312847858612322
1948	0.010827296761811562
1949	0.010826879455792584
1950	0.010539235905508258
1951	0.010538840998918836
1952	0.00990768825792993
1953	0.009907339680374971
1954	0.010593436253253765
1955	0.01059303821058846
1956	0.010076565755313472
1957	0.010076206041890641
1958	0.010189617504291098
1959	0.010189250099699796
1960	0.010016438054315808
1961	0.010016083445673578
1962	0.010358392245694792
1963	0.010358013448673094
1964	0.009784674434364723
1965	0.009784336833617398
1966	0.009897749350564958
1967	0.009897404289215204
1968	0.01001077848907006
1969	0.010010425901896694
1970	0.010238154212239803
1971	0.010237785849781631
1972	0.010351057626741933
1973	0.010350681536155322
1974	0.010463913529018746
1975	0.010463529647739838
1976	0.009776320963614174
1977	0.009775986271542024
1978	0.010232291790623052
1979	0.010231925561720163
1980	0.010516604709091095
1981	0.010516218298530073
1982	0.010457912580326263
1983	0.01045753092830358
1984	0.010113554192826526
1985	0.010113197684244388
1986	0.009712213976429915
1987	0.009711885577771454
1988	0.01016788440226143
1989	0.01016752486595928
1990	0.010452021122206062
1991	0.010451641652013774
1992	0.010222077489963568
1993	0.01022171496260117
1994	0.010391923344223637
1995	0.010391549105681724
1996	0.010162065907949323
1997	0.01016170846273455
1998	0.01027480109665992
1999	0.01027443609875246
2000	0.010274071339557225
